scope,variant,direction,layer,n_questions,text_effect_mean,random_mean_effect_mean,text_minus_random_mean,text_minus_random_ci95_low,text_minus_random_ci95_high,all_image_effect_mean,text_minus_random_p_holm_all305
all_305,correct_answer,restoration,15,305,2.2005832186185708,0.026505550905321758,2.17407766771325,1.856296960625156,2.5084383054947366,3.432662063079464,1.970467528314268e-42
all_305,correct_answer,insertion,3,305,3.0461577661764956,0.14659865504430977,2.899559111132186,2.5541015892183294,3.2714145091541376,3.534597721333195,2.7370036549690747e-46
all_305,misleading_groundable,restoration,20,305,3.545083316806883,0.013497244474293818,3.531586072332587,3.1192666471758472,3.969844548407846,5.358218716917424,3.9058639264789387e-50
all_305,misleading_groundable,insertion,3,305,4.786651089257959,0.12618421288874795,4.66046687636921,4.158207176492505,5.18929526376845,5.345847698655034,6.326961554483844e-50
all_305,misleading_ungroundable,restoration,15,305,3.915261140328719,0.029441750579727175,3.88581938974899,3.4284489466491608,4.370261751555058,6.33142869291778,4.7166880725158006e-48
all_305,misleading_ungroundable,insertion,7,305,5.3695155927759215,0.14554035452019362,5.2239752382557265,4.702586442511426,5.767978812753086,6.388465871832859,2.177144008592565e-49
all_305,irrelevant_word,restoration,8,305,2.98156525319307,0.005972731738270146,2.9755925214547982,2.585512557094972,3.395934245932817,4.8938181780543575,9.596911047060146e-48
all_305,irrelevant_word,insertion,3,305,4.303091751934658,0.11667470137527107,4.186417050559383,3.7441910805863676,4.654349332932766,4.904807133660902,4.806065172102766e-50
heldout_265,correct_answer,restoration,15,265,2.2047393988713564,0.021858229343874845,2.1828811695274815,1.8455193892997321,2.5379325014021363,3.3721482056112215,1.970467528314268e-42
heldout_265,correct_answer,insertion,3,265,3.0085640356181793,0.14016548559321662,2.8683985500249634,2.49655612495745,3.2599319106310984,3.4753380230259108,2.7370036549690747e-46
heldout_265,misleading_groundable,restoration,15,265,3.5350754172556758,0.021837363869379737,3.5132380533862952,3.027937145032144,4.0466253412891104,5.226969175634105,7.861614947285905e-47
heldout_265,misleading_groundable,insertion,3,265,4.740238984305668,0.12712658195867535,4.613112402346991,4.057420606173755,5.188108479487693,5.291222871171237,6.326961554483844e-50
heldout_265,misleading_ungroundable,restoration,15,265,3.9171626296043773,0.02379868619225929,3.89336394341212,3.4142341449797695,4.373279184824932,6.391564629988564,4.7166880725158006e-48
heldout_265,misleading_ungroundable,insertion,7,265,5.407805871993164,0.13531753682796532,5.2724883351652005,4.703234644853791,5.856972805911465,6.438930429024581,2.177144008592565e-49
heldout_265,irrelevant_word,restoration,8,265,2.840941219015501,0.005229407399083177,2.8357118116164166,2.4330802731352668,3.2494407059508914,4.68839336158684,9.596911047060146e-48
heldout_265,irrelevant_word,insertion,3,265,4.160984011054896,0.11619367227559094,4.044790338779306,3.5961468763720887,4.531924190795614,4.705798941232794,4.806065172102766e-50
