model,condition,metric,n,estimate,ci_low,ci_high
llava-hf__llava-1.5-7b-hf,notext,mcq_accuracy,474,0.5843881856540084,0.540084388185654,0.6286919831223629
llava-hf__llava-1.5-7b-hf,correct_answer,mcq_accuracy,474,0.7109704641350211,0.6708860759493671,0.7510548523206751
llava-hf__llava-1.5-7b-hf,correct_answer,mcq_accuracy_change,474,0.12658227848101267,0.0949367088607595,0.16033755274261605
llava-hf__llava-1.5-7b-hf,correct_answer,mcq_following,474,0.7109704641350211,0.6708860759493671,0.7510548523206751
llava-hf__llava-1.5-7b-hf,correct_answer,mcq_adjusted_following,474,0.12658227848101267,0.0949367088607595,0.16033755274261605
llava-hf__llava-1.5-7b-hf,misleading_groundable,mcq_accuracy,474,0.47890295358649787,0.4345991561181435,0.5232067510548524
llava-hf__llava-1.5-7b-hf,misleading_groundable,mcq_accuracy_change,474,-0.10548523206751055,-0.1350210970464135,-0.0759493670886076
llava-hf__llava-1.5-7b-hf,misleading_groundable,mcq_following,474,0.38396624472573837,0.339662447257384,0.4282700421940928
llava-hf__llava-1.5-7b-hf,misleading_groundable,mcq_adjusted_following,474,0.12869198312236288,0.0970464135021097,0.16033755274261605
llava-hf__llava-1.5-7b-hf,misleading_ungroundable,mcq_accuracy,474,0.4240506329113924,0.3796940928270043,0.46835443037974683
llava-hf__llava-1.5-7b-hf,misleading_ungroundable,mcq_accuracy_change,474,-0.16033755274261605,-0.1962025316455696,-0.12658227848101267
llava-hf__llava-1.5-7b-hf,misleading_ungroundable,mcq_following,474,0.34810126582278483,0.3059071729957806,0.39029535864978904
llava-hf__llava-1.5-7b-hf,misleading_ungroundable,mcq_adjusted_following,474,0.2616033755274262,0.22362869198312235,0.30168776371308015
llava-hf__llava-1.5-7b-hf,irrelevant_word,mcq_accuracy,474,0.4388185654008439,0.39451476793248946,0.4831223628691983
llava-hf__llava-1.5-7b-hf,irrelevant_word,mcq_accuracy_change,474,-0.14556962025316456,-0.18143459915611815,-0.11181434599156118
llava-hf__llava-1.5-7b-hf,irrelevant_word,mcq_following,474,0.3059071729957806,0.26582278481012656,0.34810126582278483
llava-hf__llava-1.5-7b-hf,irrelevant_word,mcq_adjusted_following,474,0.2320675105485232,0.1940928270042194,0.270042194092827
llava-hf__llava-1.5-7b-hf,notext,open_ended_accuracy,474,0.5316455696202531,0.4873417721518987,0.5759493670886076
llava-hf__llava-1.5-7b-hf,correct_answer,open_ended_accuracy,474,0.6497890295358649,0.6054852320675106,0.6919831223628692
llava-hf__llava-1.5-7b-hf,correct_answer,open_ended_accuracy_change,474,0.11814345991561181,0.09071729957805907,0.14767932489451477
llava-hf__llava-1.5-7b-hf,correct_answer,open_ended_following,474,0.6497890295358649,0.6054852320675106,0.6919831223628692
llava-hf__llava-1.5-7b-hf,correct_answer,open_ended_adjusted_following,474,0.11814345991561181,0.09071729957805907,0.14767932489451477
llava-hf__llava-1.5-7b-hf,misleading_groundable,open_ended_accuracy,474,0.5189873417721519,0.47257383966244726,0.5654008438818565
llava-hf__llava-1.5-7b-hf,misleading_groundable,open_ended_accuracy_change,474,-0.012658227848101266,-0.03375527426160337,0.008438818565400843
llava-hf__llava-1.5-7b-hf,misleading_groundable,open_ended_following,474,0.14135021097046413,0.10970464135021098,0.1729957805907173
llava-hf__llava-1.5-7b-hf,misleading_groundable,open_ended_adjusted_following,474,0.06329113924050633,0.04008438818565401,0.08649789029535865
llava-hf__llava-1.5-7b-hf,misleading_ungroundable,open_ended_accuracy,474,0.5189873417721519,0.47468354430379744,0.5632911392405063
llava-hf__llava-1.5-7b-hf,misleading_ungroundable,open_ended_accuracy_change,474,-0.012658227848101266,-0.03375527426160337,0.008438818565400843
llava-hf__llava-1.5-7b-hf,misleading_ungroundable,open_ended_following,474,0.09915611814345991,0.07383966244725738,0.12658227848101267
llava-hf__llava-1.5-7b-hf,misleading_ungroundable,open_ended_adjusted_following,474,0.06962025316455696,0.046413502109704644,0.0949367088607595
llava-hf__llava-1.5-7b-hf,irrelevant_word,open_ended_accuracy,474,0.540084388185654,0.4957805907172996,0.5843881856540084
llava-hf__llava-1.5-7b-hf,irrelevant_word,open_ended_accuracy_change,474,0.008438818565400843,-0.010548523206751054,0.027426160337552744
llava-hf__llava-1.5-7b-hf,irrelevant_word,open_ended_following,474,0.006329113924050633,0.0,0.014767932489451477
llava-hf__llava-1.5-7b-hf,irrelevant_word,open_ended_adjusted_following,474,0.004219409282700422,0.0,0.010548523206751054
llava-hf__llava-1.5-7b-hf,correct_answer,mcq_minus_open_adjusted_following,474,0.008438818565400843,-0.03375527426160337,0.05063291139240506
llava-hf__llava-1.5-7b-hf,correct_answer,mcq_minus_open_accuracy_change,474,0.008438818565400843,-0.03375527426160337,0.05063291139240506
llava-hf__llava-1.5-7b-hf,misleading_groundable,mcq_minus_open_adjusted_following,474,0.06540084388185655,0.027426160337552744,0.10337552742616034
llava-hf__llava-1.5-7b-hf,misleading_groundable,mcq_minus_open_accuracy_change,474,-0.09282700421940929,-0.12869198312236288,-0.05907172995780591
llava-hf__llava-1.5-7b-hf,misleading_ungroundable,mcq_minus_open_adjusted_following,474,0.19198312236286919,0.14767932489451477,0.23628691983122363
llava-hf__llava-1.5-7b-hf,misleading_ungroundable,mcq_minus_open_accuracy_change,474,-0.14767932489451477,-0.18565400843881857,-0.10970464135021098
llava-hf__llava-1.5-7b-hf,irrelevant_word,mcq_minus_open_adjusted_following,474,0.22784810126582278,0.19198312236286919,0.26582278481012656
llava-hf__llava-1.5-7b-hf,irrelevant_word,mcq_minus_open_accuracy_change,474,-0.1540084388185654,-0.1940928270042194,-0.1160337552742616
llava-hf__llava-v1.6-mistral-7b-hf,notext,mcq_accuracy,474,0.8164556962025317,0.7805907172995781,0.8502109704641351
llava-hf__llava-v1.6-mistral-7b-hf,correct_answer,mcq_accuracy,474,0.8755274261603375,0.8438818565400844,0.9050632911392406
llava-hf__llava-v1.6-mistral-7b-hf,correct_answer,mcq_accuracy_change,474,0.05907172995780591,0.027426160337552744,0.09071729957805907
llava-hf__llava-v1.6-mistral-7b-hf,correct_answer,mcq_following,474,0.8755274261603375,0.8438818565400844,0.9050632911392406
llava-hf__llava-v1.6-mistral-7b-hf,correct_answer,mcq_adjusted_following,474,0.05907172995780591,0.027426160337552744,0.09071729957805907
llava-hf__llava-v1.6-mistral-7b-hf,misleading_groundable,mcq_accuracy,474,0.7362869198312236,0.6962025316455697,0.7742616033755274
llava-hf__llava-v1.6-mistral-7b-hf,misleading_groundable,mcq_accuracy_change,474,-0.08016877637130802,-0.10970464135021098,-0.052742616033755275
llava-hf__llava-v1.6-mistral-7b-hf,misleading_groundable,mcq_following,474,0.21518987341772153,0.17932489451476794,0.25316455696202533
llava-hf__llava-v1.6-mistral-7b-hf,misleading_groundable,mcq_adjusted_following,474,0.09915611814345991,0.06962025316455696,0.1308016877637131
llava-hf__llava-v1.6-mistral-7b-hf,misleading_ungroundable,mcq_accuracy,474,0.6666666666666666,0.6244725738396625,0.7088607594936709
llava-hf__llava-v1.6-mistral-7b-hf,misleading_ungroundable,mcq_accuracy_change,474,-0.14978902953586498,-0.18354430379746836,-0.11814345991561181
llava-hf__llava-v1.6-mistral-7b-hf,misleading_ungroundable,mcq_following,474,0.22784810126582278,0.189873417721519,0.26582278481012656
llava-hf__llava-v1.6-mistral-7b-hf,misleading_ungroundable,mcq_adjusted_following,474,0.16877637130801687,0.1350210970464135,0.20253164556962025
llava-hf__llava-v1.6-mistral-7b-hf,irrelevant_word,mcq_accuracy,474,0.7468354430379747,0.7067510548523207,0.7869198312236287
llava-hf__llava-v1.6-mistral-7b-hf,irrelevant_word,mcq_accuracy_change,474,-0.06962025316455696,-0.0970464135021097,-0.04219409282700422
llava-hf__llava-v1.6-mistral-7b-hf,irrelevant_word,mcq_following,474,0.08438818565400844,0.05907172995780591,0.10970464135021098
llava-hf__llava-v1.6-mistral-7b-hf,irrelevant_word,mcq_adjusted_following,474,0.0759493670886076,0.052742616033755275,0.10126582278481013
llava-hf__llava-v1.6-mistral-7b-hf,notext,open_ended_accuracy,474,0.620253164556962,0.5759493670886076,0.6645569620253164
llava-hf__llava-v1.6-mistral-7b-hf,correct_answer,open_ended_accuracy,474,0.6983122362869199,0.6582278481012658,0.7383966244725738
llava-hf__llava-v1.6-mistral-7b-hf,correct_answer,open_ended_accuracy_change,474,0.07805907172995781,0.052742616033755275,0.10548523206751055
llava-hf__llava-v1.6-mistral-7b-hf,correct_answer,open_ended_following,474,0.6983122362869199,0.6582278481012658,0.7383966244725738
llava-hf__llava-v1.6-mistral-7b-hf,correct_answer,open_ended_adjusted_following,474,0.07805907172995781,0.052742616033755275,0.10548523206751055
llava-hf__llava-v1.6-mistral-7b-hf,misleading_groundable,open_ended_accuracy,474,0.6054852320675106,0.5611814345991561,0.6497890295358649
llava-hf__llava-v1.6-mistral-7b-hf,misleading_groundable,open_ended_accuracy_change,474,-0.014767932489451477,-0.029535864978902954,0.0
llava-hf__llava-v1.6-mistral-7b-hf,misleading_groundable,open_ended_following,474,0.0970464135021097,0.07172995780590717,0.12447257383966245
llava-hf__llava-v1.6-mistral-7b-hf,misleading_groundable,open_ended_adjusted_following,474,0.04852320675105485,0.029535864978902954,0.06962025316455696
llava-hf__llava-v1.6-mistral-7b-hf,misleading_ungroundable,open_ended_accuracy,474,0.5949367088607594,0.5506329113924051,0.6371835443037966
llava-hf__llava-v1.6-mistral-7b-hf,misleading_ungroundable,open_ended_accuracy_change,474,-0.02531645569620253,-0.04219409282700422,-0.010548523206751054
llava-hf__llava-v1.6-mistral-7b-hf,misleading_ungroundable,open_ended_following,474,0.08016877637130802,0.056962025316455694,0.10548523206751055
llava-hf__llava-v1.6-mistral-7b-hf,misleading_ungroundable,open_ended_adjusted_following,474,0.052742616033755275,0.03375527426160337,0.07383966244725738
llava-hf__llava-v1.6-mistral-7b-hf,irrelevant_word,open_ended_accuracy,474,0.6139240506329114,0.569620253164557,0.6561181434599156
llava-hf__llava-v1.6-mistral-7b-hf,irrelevant_word,open_ended_accuracy_change,474,-0.006329113924050633,-0.02109704641350211,0.006329113924050633
llava-hf__llava-v1.6-mistral-7b-hf,irrelevant_word,open_ended_following,474,0.002109704641350211,0.0,0.006329113924050633
llava-hf__llava-v1.6-mistral-7b-hf,irrelevant_word,open_ended_adjusted_following,474,0.002109704641350211,0.0,0.006329113924050633
llava-hf__llava-v1.6-mistral-7b-hf,correct_answer,mcq_minus_open_adjusted_following,474,-0.0189873417721519,-0.05907172995780591,0.02109704641350211
llava-hf__llava-v1.6-mistral-7b-hf,correct_answer,mcq_minus_open_accuracy_change,474,-0.0189873417721519,-0.05907172995780591,0.02109704641350211
llava-hf__llava-v1.6-mistral-7b-hf,misleading_groundable,mcq_minus_open_adjusted_following,474,0.05063291139240506,0.0189873417721519,0.08438818565400844
llava-hf__llava-v1.6-mistral-7b-hf,misleading_groundable,mcq_minus_open_accuracy_change,474,-0.06540084388185655,-0.0970464135021097,-0.035864978902953586
llava-hf__llava-v1.6-mistral-7b-hf,misleading_ungroundable,mcq_minus_open_adjusted_following,474,0.1160337552742616,0.08016877637130802,0.1518987341772152
llava-hf__llava-v1.6-mistral-7b-hf,misleading_ungroundable,mcq_minus_open_accuracy_change,474,-0.12447257383966245,-0.16033755274261605,-0.08860759493670886
llava-hf__llava-v1.6-mistral-7b-hf,irrelevant_word,mcq_minus_open_adjusted_following,474,0.07383966244725738,0.05063291139240506,0.0970464135021097
llava-hf__llava-v1.6-mistral-7b-hf,irrelevant_word,mcq_minus_open_accuracy_change,474,-0.06329113924050633,-0.0949367088607595,-0.03375527426160337
Qwen__Qwen2.5-VL-7B-Instruct,notext,mcq_accuracy,474,0.8734177215189873,0.8417721518987342,0.9029535864978903
Qwen__Qwen2.5-VL-7B-Instruct,correct_answer,mcq_accuracy,474,0.9029535864978903,0.8755274261603375,0.9282700421940928
Qwen__Qwen2.5-VL-7B-Instruct,correct_answer,mcq_accuracy_change,474,0.029535864978902954,0.010548523206751054,0.04852320675105485
Qwen__Qwen2.5-VL-7B-Instruct,correct_answer,mcq_following,474,0.9029535864978903,0.8755274261603375,0.9282700421940928
Qwen__Qwen2.5-VL-7B-Instruct,correct_answer,mcq_adjusted_following,474,0.029535864978902954,0.010548523206751054,0.04852320675105485
Qwen__Qwen2.5-VL-7B-Instruct,misleading_groundable,mcq_accuracy,474,0.8016877637130801,0.7637130801687764,0.8375527426160337
Qwen__Qwen2.5-VL-7B-Instruct,misleading_groundable,mcq_accuracy_change,474,-0.07172995780590717,-0.09915611814345991,-0.04430379746835443
Qwen__Qwen2.5-VL-7B-Instruct,misleading_groundable,mcq_following,474,0.16033755274261605,0.12658227848101267,0.1940928270042194
Qwen__Qwen2.5-VL-7B-Instruct,misleading_groundable,mcq_adjusted_following,474,0.0759493670886076,0.04852320675105485,0.10337552742616034
Qwen__Qwen2.5-VL-7B-Instruct,misleading_ungroundable,mcq_accuracy,474,0.7426160337552743,0.7046413502109705,0.7827004219409283
Qwen__Qwen2.5-VL-7B-Instruct,misleading_ungroundable,mcq_accuracy_change,474,-0.1308016877637131,-0.16244725738396623,-0.09915611814345991
Qwen__Qwen2.5-VL-7B-Instruct,misleading_ungroundable,mcq_following,474,0.18565400843881857,0.1518987341772152,0.22151898734177214
Qwen__Qwen2.5-VL-7B-Instruct,misleading_ungroundable,mcq_adjusted_following,474,0.1518987341772152,0.12025316455696203,0.18565400843881857
Qwen__Qwen2.5-VL-7B-Instruct,irrelevant_word,mcq_accuracy,474,0.7805907172995781,0.7426160337552743,0.8164556962025317
Qwen__Qwen2.5-VL-7B-Instruct,irrelevant_word,mcq_accuracy_change,474,-0.09282700421940929,-0.12236286919831224,-0.06540084388185655
Qwen__Qwen2.5-VL-7B-Instruct,irrelevant_word,mcq_following,474,0.12025316455696203,0.09071729957805907,0.14978902953586498
Qwen__Qwen2.5-VL-7B-Instruct,irrelevant_word,mcq_adjusted_following,474,0.11181434599156118,0.08438818565400844,0.14135021097046413
Qwen__Qwen2.5-VL-7B-Instruct,notext,open_ended_accuracy,474,0.5864978902953587,0.5421940928270043,0.630801687763713
Qwen__Qwen2.5-VL-7B-Instruct,correct_answer,open_ended_accuracy,474,0.7510548523206751,0.7109704641350211,0.7890295358649789
Qwen__Qwen2.5-VL-7B-Instruct,correct_answer,open_ended_accuracy_change,474,0.16455696202531644,0.1308016877637131,0.19831223628691982
Qwen__Qwen2.5-VL-7B-Instruct,correct_answer,open_ended_following,474,0.7510548523206751,0.7109704641350211,0.7890295358649789
Qwen__Qwen2.5-VL-7B-Instruct,correct_answer,open_ended_adjusted_following,474,0.16455696202531644,0.1308016877637131,0.19831223628691982
Qwen__Qwen2.5-VL-7B-Instruct,misleading_groundable,open_ended_accuracy,474,0.540084388185654,0.4957805907172996,0.5864978902953587
Qwen__Qwen2.5-VL-7B-Instruct,misleading_groundable,open_ended_accuracy_change,474,-0.046413502109704644,-0.07383966244725738,-0.02109704641350211
Qwen__Qwen2.5-VL-7B-Instruct,misleading_groundable,open_ended_following,474,0.18354430379746836,0.14978902953586498,0.21729957805907174
Qwen__Qwen2.5-VL-7B-Instruct,misleading_groundable,open_ended_adjusted_following,474,0.11814345991561181,0.08860759493670886,0.14767932489451477
Qwen__Qwen2.5-VL-7B-Instruct,misleading_ungroundable,open_ended_accuracy,474,0.47890295358649787,0.43248945147679324,0.5232067510548524
Qwen__Qwen2.5-VL-7B-Instruct,misleading_ungroundable,open_ended_accuracy_change,474,-0.10759493670886076,-0.13924050632911392,-0.07805907172995781
Qwen__Qwen2.5-VL-7B-Instruct,misleading_ungroundable,open_ended_following,474,0.22362869198312235,0.18565400843881857,0.2616033755274262
Qwen__Qwen2.5-VL-7B-Instruct,misleading_ungroundable,open_ended_adjusted_following,474,0.1962025316455696,0.16033755274261605,0.2320675105485232
Qwen__Qwen2.5-VL-7B-Instruct,irrelevant_word,open_ended_accuracy,474,0.5717299578059072,0.5253164556962026,0.6160864978902946
Qwen__Qwen2.5-VL-7B-Instruct,irrelevant_word,open_ended_accuracy_change,474,-0.014767932489451477,-0.0379746835443038,0.006329113924050633
Qwen__Qwen2.5-VL-7B-Instruct,irrelevant_word,open_ended_following,474,0.03164556962025317,0.016877637130801686,0.04852320675105485
Qwen__Qwen2.5-VL-7B-Instruct,irrelevant_word,open_ended_adjusted_following,474,0.029535864978902954,0.014767932489451477,0.046413502109704644
Qwen__Qwen2.5-VL-7B-Instruct,correct_answer,mcq_minus_open_adjusted_following,474,-0.1350210970464135,-0.17088607594936708,-0.09915611814345991
Qwen__Qwen2.5-VL-7B-Instruct,correct_answer,mcq_minus_open_accuracy_change,474,-0.1350210970464135,-0.17088607594936708,-0.09915611814345991
Qwen__Qwen2.5-VL-7B-Instruct,misleading_groundable,mcq_minus_open_adjusted_following,474,-0.04219409282700422,-0.07383966244725738,-0.010495780590718066
Qwen__Qwen2.5-VL-7B-Instruct,misleading_groundable,mcq_minus_open_accuracy_change,474,-0.02531645569620253,-0.05907172995780591,0.008438818565400843
Qwen__Qwen2.5-VL-7B-Instruct,misleading_ungroundable,mcq_minus_open_adjusted_following,474,-0.04430379746835443,-0.08016877637130802,-0.008438818565400843
Qwen__Qwen2.5-VL-7B-Instruct,misleading_ungroundable,mcq_minus_open_accuracy_change,474,-0.023206751054852322,-0.06118143459915612,0.012658227848101266
Qwen__Qwen2.5-VL-7B-Instruct,irrelevant_word,mcq_minus_open_adjusted_following,474,0.08227848101265822,0.05485232067510549,0.11181434599156118
Qwen__Qwen2.5-VL-7B-Instruct,irrelevant_word,mcq_minus_open_accuracy_change,474,-0.07805907172995781,-0.11392405063291139,-0.04430379746835443
OpenGVLab__InternVL3_5-8B,notext,mcq_accuracy,474,0.8713080168776371,0.8417721518987342,0.9008438818565401
OpenGVLab__InternVL3_5-8B,correct_answer,mcq_accuracy,474,0.8945147679324894,0.8670886075949367,0.9219409282700421
OpenGVLab__InternVL3_5-8B,correct_answer,mcq_accuracy_change,474,0.023206751054852322,-0.002109704641350211,0.04852320675105485
OpenGVLab__InternVL3_5-8B,correct_answer,mcq_following,474,0.8945147679324894,0.8670886075949367,0.9219409282700421
OpenGVLab__InternVL3_5-8B,correct_answer,mcq_adjusted_following,474,0.023206751054852322,-0.002109704641350211,0.04852320675105485
OpenGVLab__InternVL3_5-8B,misleading_groundable,mcq_accuracy,474,0.8312236286919831,0.7974683544303798,0.8628691983122363
OpenGVLab__InternVL3_5-8B,misleading_groundable,mcq_accuracy_change,474,-0.04008438818565401,-0.06540084388185655,-0.016877637130801686
OpenGVLab__InternVL3_5-8B,misleading_groundable,mcq_following,474,0.1350210970464135,0.10548523206751055,0.16666666666666666
OpenGVLab__InternVL3_5-8B,misleading_groundable,mcq_adjusted_following,474,0.04852320675105485,0.023206751054852322,0.07383966244725738
OpenGVLab__InternVL3_5-8B,misleading_ungroundable,mcq_accuracy,474,0.7911392405063291,0.7552742616033755,0.8270042194092827
OpenGVLab__InternVL3_5-8B,misleading_ungroundable,mcq_accuracy_change,474,-0.08016877637130802,-0.10970464135021098,-0.052742616033755275
OpenGVLab__InternVL3_5-8B,misleading_ungroundable,mcq_following,474,0.12658227848101267,0.0970464135021097,0.15617088607594862
OpenGVLab__InternVL3_5-8B,misleading_ungroundable,mcq_adjusted_following,474,0.09071729957805907,0.06329113924050633,0.12025316455696203
OpenGVLab__InternVL3_5-8B,irrelevant_word,mcq_accuracy,474,0.8080168776371308,0.7721518987341772,0.8417721518987342
OpenGVLab__InternVL3_5-8B,irrelevant_word,mcq_accuracy_change,474,-0.06329113924050633,-0.09282700421940929,-0.035864978902953586
OpenGVLab__InternVL3_5-8B,irrelevant_word,mcq_following,474,0.09282700421940929,0.06751054852320675,0.12025316455696203
OpenGVLab__InternVL3_5-8B,irrelevant_word,mcq_adjusted_following,474,0.08649789029535865,0.06118143459915612,0.11392405063291139
OpenGVLab__InternVL3_5-8B,notext,open_ended_accuracy,474,0.5949367088607594,0.5506329113924051,0.6371308016877637
OpenGVLab__InternVL3_5-8B,correct_answer,open_ended_accuracy,474,0.7362869198312236,0.6962025316455697,0.7763713080168776
OpenGVLab__InternVL3_5-8B,correct_answer,open_ended_accuracy_change,474,0.14135021097046413,0.10970464135021098,0.1729957805907173
OpenGVLab__InternVL3_5-8B,correct_answer,open_ended_following,474,0.7362869198312236,0.6962025316455697,0.7763713080168776
OpenGVLab__InternVL3_5-8B,correct_answer,open_ended_adjusted_following,474,0.14135021097046413,0.10970464135021098,0.1729957805907173
OpenGVLab__InternVL3_5-8B,misleading_groundable,open_ended_accuracy,474,0.5548523206751055,0.510548523206751,0.5991561181434599
OpenGVLab__InternVL3_5-8B,misleading_groundable,open_ended_accuracy_change,474,-0.04008438818565401,-0.06329113924050633,-0.016877637130801686
OpenGVLab__InternVL3_5-8B,misleading_groundable,open_ended_following,474,0.1371308016877637,0.10548523206751055,0.16877637130801687
OpenGVLab__InternVL3_5-8B,misleading_groundable,open_ended_adjusted_following,474,0.10126582278481013,0.07383966244725738,0.12869198312236288
OpenGVLab__InternVL3_5-8B,misleading_ungroundable,open_ended_accuracy,474,0.5042194092827004,0.459915611814346,0.5485232067510548
OpenGVLab__InternVL3_5-8B,misleading_ungroundable,open_ended_accuracy_change,474,-0.09071729957805907,-0.11814345991561181,-0.06540084388185655
OpenGVLab__InternVL3_5-8B,misleading_ungroundable,open_ended_following,474,0.1518987341772152,0.12025316455696203,0.18354430379746836
OpenGVLab__InternVL3_5-8B,misleading_ungroundable,open_ended_adjusted_following,474,0.1350210970464135,0.10548523206751055,0.16666666666666666
OpenGVLab__InternVL3_5-8B,irrelevant_word,open_ended_accuracy,474,0.5759493670886076,0.5315928270042194,0.620253164556962
OpenGVLab__InternVL3_5-8B,irrelevant_word,open_ended_accuracy_change,474,-0.0189873417721519,-0.04008438818565401,0.002109704641350211
OpenGVLab__InternVL3_5-8B,irrelevant_word,open_ended_following,474,0.027426160337552744,0.014767932489451477,0.04219409282700422
OpenGVLab__InternVL3_5-8B,irrelevant_word,open_ended_adjusted_following,474,0.02531645569620253,0.012658227848101266,0.04008438818565401
OpenGVLab__InternVL3_5-8B,correct_answer,mcq_minus_open_adjusted_following,474,-0.11814345991561181,-0.15822784810126583,-0.07805907172995781
OpenGVLab__InternVL3_5-8B,correct_answer,mcq_minus_open_accuracy_change,474,-0.11814345991561181,-0.15822784810126583,-0.07805907172995781
OpenGVLab__InternVL3_5-8B,misleading_groundable,mcq_minus_open_adjusted_following,474,-0.052742616033755275,-0.08649789029535865,-0.0189873417721519
OpenGVLab__InternVL3_5-8B,misleading_groundable,mcq_minus_open_accuracy_change,474,0.0,-0.03164556962025317,0.03164556962025317
OpenGVLab__InternVL3_5-8B,misleading_ungroundable,mcq_minus_open_adjusted_following,474,-0.04430379746835443,-0.0760021097046413,-0.012658227848101266
OpenGVLab__InternVL3_5-8B,misleading_ungroundable,mcq_minus_open_accuracy_change,474,0.010548523206751054,-0.02531645569620253,0.046413502109704644
OpenGVLab__InternVL3_5-8B,irrelevant_word,mcq_minus_open_adjusted_following,474,0.06118143459915612,0.04008438818565401,0.08438818565400844
OpenGVLab__InternVL3_5-8B,irrelevant_word,mcq_minus_open_accuracy_change,474,-0.04430379746835443,-0.0759493670886076,-0.012658227848101266
Qwen__Qwen3-VL-2B-Instruct,notext,mcq_accuracy,474,0.8670886075949367,0.8354430379746836,0.8966244725738397
Qwen__Qwen3-VL-2B-Instruct,correct_answer,mcq_accuracy,474,0.9409282700421941,0.919831223628692,0.9620253164556962
Qwen__Qwen3-VL-2B-Instruct,correct_answer,mcq_accuracy_change,474,0.07383966244725738,0.05063291139240506,0.09915611814345991
Qwen__Qwen3-VL-2B-Instruct,correct_answer,mcq_following,474,0.9409282700421941,0.919831223628692,0.9620253164556962
Qwen__Qwen3-VL-2B-Instruct,correct_answer,mcq_adjusted_following,474,0.07383966244725738,0.05063291139240506,0.09915611814345991
Qwen__Qwen3-VL-2B-Instruct,misleading_groundable,mcq_accuracy,474,0.7172995780590717,0.6772151898734177,0.7573839662447257
Qwen__Qwen3-VL-2B-Instruct,misleading_groundable,mcq_accuracy_change,474,-0.14978902953586498,-0.18354430379746836,-0.1160337552742616
Qwen__Qwen3-VL-2B-Instruct,misleading_groundable,mcq_following,474,0.25949367088607594,0.21940928270042195,0.29957805907172996
Qwen__Qwen3-VL-2B-Instruct,misleading_groundable,mcq_adjusted_following,474,0.16033755274261605,0.12869198312236288,0.1940928270042194
Qwen__Qwen3-VL-2B-Instruct,misleading_ungroundable,mcq_accuracy,474,0.6054852320675106,0.5632911392405063,0.6497890295358649
Qwen__Qwen3-VL-2B-Instruct,misleading_ungroundable,mcq_accuracy_change,474,-0.2616033755274262,-0.3037974683544304,-0.21940928270042195
Qwen__Qwen3-VL-2B-Instruct,misleading_ungroundable,mcq_following,474,0.33755274261603374,0.29535864978902954,0.379746835443038
Qwen__Qwen3-VL-2B-Instruct,misleading_ungroundable,mcq_adjusted_following,474,0.3059071729957806,0.26371308016877637,0.34810126582278483
Qwen__Qwen3-VL-2B-Instruct,irrelevant_word,mcq_accuracy,474,0.7426160337552743,0.7025316455696202,0.7805907172995781
Qwen__Qwen3-VL-2B-Instruct,irrelevant_word,mcq_accuracy_change,474,-0.12447257383966245,-0.15822784810126583,-0.09071729957805907
Qwen__Qwen3-VL-2B-Instruct,irrelevant_word,mcq_following,474,0.16666666666666666,0.13291139240506328,0.20253164556962025
Qwen__Qwen3-VL-2B-Instruct,irrelevant_word,mcq_adjusted_following,474,0.16455696202531644,0.1308016877637131,0.20042194092827004
Qwen__Qwen3-VL-2B-Instruct,notext,open_ended_accuracy,474,0.580168776371308,0.5358649789029536,0.6244725738396625
Qwen__Qwen3-VL-2B-Instruct,correct_answer,open_ended_accuracy,474,0.810126582278481,0.7742616033755274,0.8438818565400844
Qwen__Qwen3-VL-2B-Instruct,correct_answer,open_ended_accuracy_change,474,0.229957805907173,0.189873417721519,0.270042194092827
Qwen__Qwen3-VL-2B-Instruct,correct_answer,open_ended_following,474,0.810126582278481,0.7742616033755274,0.8438818565400844
Qwen__Qwen3-VL-2B-Instruct,correct_answer,open_ended_adjusted_following,474,0.229957805907173,0.189873417721519,0.270042194092827
Qwen__Qwen3-VL-2B-Instruct,misleading_groundable,open_ended_accuracy,474,0.45358649789029537,0.4092827004219409,0.4978902953586498
Qwen__Qwen3-VL-2B-Instruct,misleading_groundable,open_ended_accuracy_change,474,-0.12658227848101267,-0.16033755274261605,-0.09282700421940929
Qwen__Qwen3-VL-2B-Instruct,misleading_groundable,open_ended_following,474,0.31856540084388185,0.27637130801687765,0.36075949367088606
Qwen__Qwen3-VL-2B-Instruct,misleading_groundable,open_ended_adjusted_following,474,0.26371308016877637,0.22573839662447256,0.3037974683544304
Qwen__Qwen3-VL-2B-Instruct,misleading_ungroundable,open_ended_accuracy,474,0.41983122362869196,0.3755274261603376,0.4641350210970464
Qwen__Qwen3-VL-2B-Instruct,misleading_ungroundable,open_ended_accuracy_change,474,-0.16033755274261605,-0.1962025316455696,-0.12658227848101267
Qwen__Qwen3-VL-2B-Instruct,misleading_ungroundable,open_ended_following,474,0.31223628691983124,0.270042194092827,0.35443037974683544
Qwen__Qwen3-VL-2B-Instruct,misleading_ungroundable,open_ended_adjusted_following,474,0.2911392405063291,0.2510548523206751,0.3333333333333333
Qwen__Qwen3-VL-2B-Instruct,irrelevant_word,open_ended_accuracy,474,0.5443037974683544,0.5,0.5886075949367089
Qwen__Qwen3-VL-2B-Instruct,irrelevant_word,open_ended_accuracy_change,474,-0.035864978902953586,-0.06118143459915612,-0.010548523206751054
Qwen__Qwen3-VL-2B-Instruct,irrelevant_word,open_ended_following,474,0.04430379746835443,0.027426160337552744,0.06334388185653932
Qwen__Qwen3-VL-2B-Instruct,irrelevant_word,open_ended_adjusted_following,474,0.04430379746835443,0.027426160337552744,0.06334388185653932
Qwen__Qwen3-VL-2B-Instruct,correct_answer,mcq_minus_open_adjusted_following,474,-0.15611814345991562,-0.1962025316455696,-0.1160337552742616
Qwen__Qwen3-VL-2B-Instruct,correct_answer,mcq_minus_open_accuracy_change,474,-0.15611814345991562,-0.1962025316455696,-0.1160337552742616
Qwen__Qwen3-VL-2B-Instruct,misleading_groundable,mcq_minus_open_adjusted_following,474,-0.10337552742616034,-0.14556962025316456,-0.06329113924050633
Qwen__Qwen3-VL-2B-Instruct,misleading_groundable,mcq_minus_open_accuracy_change,474,-0.023206751054852322,-0.06540084388185655,0.02109704641350211
Qwen__Qwen3-VL-2B-Instruct,misleading_ungroundable,mcq_minus_open_adjusted_following,474,0.014767932489451477,-0.029535864978902954,0.05907172995780591
Qwen__Qwen3-VL-2B-Instruct,misleading_ungroundable,mcq_minus_open_accuracy_change,474,-0.10126582278481013,-0.14767932489451477,-0.05485232067510549
Qwen__Qwen3-VL-2B-Instruct,irrelevant_word,mcq_minus_open_adjusted_following,474,0.12025316455696203,0.09071729957805907,0.1518987341772152
Qwen__Qwen3-VL-2B-Instruct,irrelevant_word,mcq_minus_open_accuracy_change,474,-0.08860759493670886,-0.12658227848101267,-0.052742616033755275
Qwen__Qwen3-VL-8B-Instruct,notext,mcq_accuracy,474,0.8945147679324894,0.8649789029535865,0.9219409282700421
Qwen__Qwen3-VL-8B-Instruct,correct_answer,mcq_accuracy,474,0.9029535864978903,0.8755274261603375,0.9282700421940928
Qwen__Qwen3-VL-8B-Instruct,correct_answer,mcq_accuracy_change,474,0.008438818565400843,-0.010548523206751054,0.027426160337552744
Qwen__Qwen3-VL-8B-Instruct,correct_answer,mcq_following,474,0.9029535864978903,0.8755274261603375,0.9282700421940928
Qwen__Qwen3-VL-8B-Instruct,correct_answer,mcq_adjusted_following,474,0.008438818565400843,-0.010548523206751054,0.027426160337552744
Qwen__Qwen3-VL-8B-Instruct,misleading_groundable,mcq_accuracy,474,0.8502109704641351,0.8164556962025317,0.8818565400843882
Qwen__Qwen3-VL-8B-Instruct,misleading_groundable,mcq_accuracy_change,474,-0.04430379746835443,-0.07172995780590717,-0.0189873417721519
Qwen__Qwen3-VL-8B-Instruct,misleading_groundable,mcq_following,474,0.12025316455696203,0.09071729957805907,0.14978902953586498
Qwen__Qwen3-VL-8B-Instruct,misleading_groundable,mcq_adjusted_following,474,0.05063291139240506,0.02531645569620253,0.0759493670886076
Qwen__Qwen3-VL-8B-Instruct,misleading_ungroundable,mcq_accuracy,474,0.8164556962025317,0.7805907172995781,0.8502109704641351
Qwen__Qwen3-VL-8B-Instruct,misleading_ungroundable,mcq_accuracy_change,474,-0.07805907172995781,-0.10759493670886076,-0.04852320675105485
Qwen__Qwen3-VL-8B-Instruct,misleading_ungroundable,mcq_following,474,0.12236286919831224,0.0949367088607595,0.1540084388185654
Qwen__Qwen3-VL-8B-Instruct,misleading_ungroundable,mcq_adjusted_following,474,0.08860759493670886,0.05907172995780591,0.11814345991561181
Qwen__Qwen3-VL-8B-Instruct,irrelevant_word,mcq_accuracy,474,0.8544303797468354,0.8227848101265823,0.8860759493670886
Qwen__Qwen3-VL-8B-Instruct,irrelevant_word,mcq_accuracy_change,474,-0.04008438818565401,-0.06118143459915612,-0.0189873417721519
Qwen__Qwen3-VL-8B-Instruct,irrelevant_word,mcq_following,474,0.046413502109704644,0.027426160337552744,0.06751054852320675
Qwen__Qwen3-VL-8B-Instruct,irrelevant_word,mcq_adjusted_following,474,0.04430379746835443,0.027426160337552744,0.06329113924050633
Qwen__Qwen3-VL-8B-Instruct,notext,open_ended_accuracy,474,0.6265822784810127,0.5822784810126582,0.6708860759493671
Qwen__Qwen3-VL-8B-Instruct,correct_answer,open_ended_accuracy,474,0.7953586497890295,0.759493670886076,0.8312236286919831
Qwen__Qwen3-VL-8B-Instruct,correct_answer,open_ended_accuracy_change,474,0.16877637130801687,0.13291139240506328,0.20464135021097046
Qwen__Qwen3-VL-8B-Instruct,correct_answer,open_ended_following,474,0.7953586497890295,0.759493670886076,0.8312236286919831
Qwen__Qwen3-VL-8B-Instruct,correct_answer,open_ended_adjusted_following,474,0.16877637130801687,0.13291139240506328,0.20464135021097046
Qwen__Qwen3-VL-8B-Instruct,misleading_groundable,open_ended_accuracy,474,0.5485232067510548,0.5042194092827004,0.5928270042194093
Qwen__Qwen3-VL-8B-Instruct,misleading_groundable,open_ended_accuracy_change,474,-0.07805907172995781,-0.10759493670886076,-0.04852320675105485
Qwen__Qwen3-VL-8B-Instruct,misleading_groundable,open_ended_following,474,0.20675105485232068,0.17088607594936708,0.24472573839662448
Qwen__Qwen3-VL-8B-Instruct,misleading_groundable,open_ended_adjusted_following,474,0.16877637130801687,0.1350210970464135,0.20464135021097046
Qwen__Qwen3-VL-8B-Instruct,misleading_ungroundable,open_ended_accuracy,474,0.5126582278481012,0.46835443037974683,0.5569620253164557
Qwen__Qwen3-VL-8B-Instruct,misleading_ungroundable,open_ended_accuracy_change,474,-0.11392405063291139,-0.14767932489451477,-0.08016877637130802
Qwen__Qwen3-VL-8B-Instruct,misleading_ungroundable,open_ended_following,474,0.2088607594936709,0.1729957805907173,0.24472573839662448
Qwen__Qwen3-VL-8B-Instruct,misleading_ungroundable,open_ended_adjusted_following,474,0.19198312236286919,0.15611814345991562,0.22784810126582278
Qwen__Qwen3-VL-8B-Instruct,irrelevant_word,open_ended_accuracy,474,0.6160337552742616,0.5717299578059072,0.6582278481012658
Qwen__Qwen3-VL-8B-Instruct,irrelevant_word,open_ended_accuracy_change,474,-0.010548523206751054,-0.029535864978902954,0.008438818565400843
Qwen__Qwen3-VL-8B-Instruct,irrelevant_word,open_ended_following,474,0.012658227848101266,0.004219409282700422,0.023206751054852322
Qwen__Qwen3-VL-8B-Instruct,irrelevant_word,open_ended_adjusted_following,474,0.012658227848101266,0.004219409282700422,0.023206751054852322
Qwen__Qwen3-VL-8B-Instruct,correct_answer,mcq_minus_open_adjusted_following,474,-0.16033755274261605,-0.20042194092827004,-0.12236286919831224
Qwen__Qwen3-VL-8B-Instruct,correct_answer,mcq_minus_open_accuracy_change,474,-0.16033755274261605,-0.20042194092827004,-0.12236286919831224
Qwen__Qwen3-VL-8B-Instruct,misleading_groundable,mcq_minus_open_adjusted_following,474,-0.11814345991561181,-0.15611814345991562,-0.08227848101265822
Qwen__Qwen3-VL-8B-Instruct,misleading_groundable,mcq_minus_open_accuracy_change,474,0.03375527426160337,-0.004219409282700422,0.07172995780590717
Qwen__Qwen3-VL-8B-Instruct,misleading_ungroundable,mcq_minus_open_adjusted_following,474,-0.10337552742616034,-0.14135021097046413,-0.06540084388185655
Qwen__Qwen3-VL-8B-Instruct,misleading_ungroundable,mcq_minus_open_accuracy_change,474,0.035864978902953586,-0.004219409282700422,0.0759493670886076
Qwen__Qwen3-VL-8B-Instruct,irrelevant_word,mcq_minus_open_adjusted_following,474,0.03164556962025317,0.014767932489451477,0.05063291139240506
Qwen__Qwen3-VL-8B-Instruct,irrelevant_word,mcq_minus_open_accuracy_change,474,-0.029535864978902954,-0.056962025316455694,-0.002109704641350211
qwen3-vl-32b-instruct,notext,mcq_accuracy,474,0.8860759493670886,0.8565400843881856,0.9135021097046413
qwen3-vl-32b-instruct,correct_answer,mcq_accuracy,474,0.9282700421940928,0.9050632911392406,0.9514767932489452
qwen3-vl-32b-instruct,correct_answer,mcq_accuracy_change,474,0.04219409282700422,0.023206751054852322,0.06329113924050633
qwen3-vl-32b-instruct,correct_answer,mcq_following,474,0.9282700421940928,0.9050632911392406,0.9514767932489452
qwen3-vl-32b-instruct,correct_answer,mcq_adjusted_following,474,0.04219409282700422,0.023206751054852322,0.06329113924050633
qwen3-vl-32b-instruct,misleading_groundable,mcq_accuracy,474,0.8270042194092827,0.7911392405063291,0.8607594936708861
qwen3-vl-32b-instruct,misleading_groundable,mcq_accuracy_change,474,-0.05907172995780591,-0.08227848101265822,-0.035864978902953586
qwen3-vl-32b-instruct,misleading_groundable,mcq_following,474,0.12658227848101267,0.0970464135021097,0.15822784810126583
qwen3-vl-32b-instruct,misleading_groundable,mcq_adjusted_following,474,0.06540084388185655,0.04219409282700422,0.09071729957805907
qwen3-vl-32b-instruct,misleading_ungroundable,mcq_accuracy,474,0.7784810126582279,0.740506329113924,0.8164556962025317
qwen3-vl-32b-instruct,misleading_ungroundable,mcq_accuracy_change,474,-0.10759493670886076,-0.1371308016877637,-0.08016877637130802
qwen3-vl-32b-instruct,misleading_ungroundable,mcq_following,474,0.16877637130801687,0.1350210970464135,0.20253164556962025
qwen3-vl-32b-instruct,misleading_ungroundable,mcq_adjusted_following,474,0.12025316455696203,0.09071729957805907,0.1518987341772152
qwen3-vl-32b-instruct,irrelevant_word,mcq_accuracy,474,0.820675105485232,0.7848101265822784,0.8544303797468354
qwen3-vl-32b-instruct,irrelevant_word,mcq_accuracy_change,474,-0.06540084388185655,-0.09071729957805907,-0.04219409282700422
qwen3-vl-32b-instruct,irrelevant_word,mcq_following,474,0.08438818565400844,0.06118143459915612,0.10970464135021098
qwen3-vl-32b-instruct,irrelevant_word,mcq_adjusted_following,474,0.08016877637130802,0.05485232067510549,0.10759493670886076
qwen3-vl-32b-instruct,notext,open_ended_accuracy,474,0.5928270042194093,0.5485232067510548,0.6371308016877637
qwen3-vl-32b-instruct,correct_answer,open_ended_accuracy,474,0.7383966244725738,0.6983122362869199,0.7763713080168776
qwen3-vl-32b-instruct,correct_answer,open_ended_accuracy_change,474,0.14556962025316456,0.11181434599156118,0.17932489451476794
qwen3-vl-32b-instruct,correct_answer,open_ended_following,474,0.7383966244725738,0.6983122362869199,0.7763713080168776
qwen3-vl-32b-instruct,correct_answer,open_ended_adjusted_following,474,0.14556962025316456,0.11181434599156118,0.17932489451476794
qwen3-vl-32b-instruct,misleading_groundable,open_ended_accuracy,474,0.5675105485232067,0.5231540084388187,0.6118143459915611
qwen3-vl-32b-instruct,misleading_groundable,open_ended_accuracy_change,474,-0.02531645569620253,-0.05063291139240506,0.0
qwen3-vl-32b-instruct,misleading_groundable,open_ended_following,474,0.10548523206751055,0.07805907172995781,0.13291139240506328
qwen3-vl-32b-instruct,misleading_groundable,open_ended_adjusted_following,474,0.06540084388185655,0.04219409282700422,0.09071729957805907
qwen3-vl-32b-instruct,misleading_ungroundable,open_ended_accuracy,474,0.5358649789029536,0.49156118143459915,0.580168776371308
qwen3-vl-32b-instruct,misleading_ungroundable,open_ended_accuracy_change,474,-0.056962025316455694,-0.08649789029535865,-0.029535864978902954
qwen3-vl-32b-instruct,misleading_ungroundable,open_ended_following,474,0.1540084388185654,0.12236286919831224,0.18570675105485157
qwen3-vl-32b-instruct,misleading_ungroundable,open_ended_adjusted_following,474,0.1350210970464135,0.10337552742616034,0.16666666666666666
qwen3-vl-32b-instruct,irrelevant_word,open_ended_accuracy,474,0.5907172995780591,0.5464135021097046,0.6350210970464135
qwen3-vl-32b-instruct,irrelevant_word,open_ended_accuracy_change,474,-0.002109704641350211,-0.023206751054852322,0.0189873417721519
qwen3-vl-32b-instruct,irrelevant_word,open_ended_following,474,0.010548523206751054,0.002109704641350211,0.02109704641350211
qwen3-vl-32b-instruct,irrelevant_word,open_ended_adjusted_following,474,0.010548523206751054,0.002109704641350211,0.02109704641350211
qwen3-vl-32b-instruct,correct_answer,mcq_minus_open_adjusted_following,474,-0.10337552742616034,-0.13924050632911392,-0.06751054852320675
qwen3-vl-32b-instruct,correct_answer,mcq_minus_open_accuracy_change,474,-0.10337552742616034,-0.13924050632911392,-0.06751054852320675
qwen3-vl-32b-instruct,misleading_groundable,mcq_minus_open_adjusted_following,474,0.0,-0.027426160337552744,0.027426160337552744
qwen3-vl-32b-instruct,misleading_groundable,mcq_minus_open_accuracy_change,474,-0.03375527426160337,-0.06545358649789025,-0.002109704641350211
qwen3-vl-32b-instruct,misleading_ungroundable,mcq_minus_open_adjusted_following,474,-0.014767932489451477,-0.04852320675105485,0.016877637130801686
qwen3-vl-32b-instruct,misleading_ungroundable,mcq_minus_open_accuracy_change,474,-0.05063291139240506,-0.08649789029535865,-0.016877637130801686
qwen3-vl-32b-instruct,irrelevant_word,mcq_minus_open_adjusted_following,474,0.06962025316455696,0.04430379746835443,0.0970464135021097
qwen3-vl-32b-instruct,irrelevant_word,mcq_minus_open_accuracy_change,474,-0.06329113924050633,-0.0949367088607595,-0.03164556962025317
unweighted_seven_model_mean,correct_answer,mcq_adjusted_following,474,0.051838456901748035,0.03978300180831826,0.0644966847498493
unweighted_seven_model_mean,correct_answer,open_ended_adjusted_following,474,0.14948764315852925,0.12989752863170584,0.16938667872212163
unweighted_seven_model_mean,correct_answer,mcq_minus_open_adjusted_following,474,-0.09764918625678118,-0.11723930078360457,-0.07805907172995781
unweighted_seven_model_mean,correct_answer,mcq_accuracy_change,474,0.051838456901748035,0.03978300180831826,0.0644966847498493
unweighted_seven_model_mean,correct_answer,open_ended_accuracy_change,474,0.14948764315852925,0.12989752863170584,0.16938667872212163
unweighted_seven_model_mean,correct_answer,mcq_minus_open_accuracy_change,474,-0.09764918625678118,-0.11723930078360457,-0.07805907172995781
unweighted_seven_model_mean,misleading_groundable,mcq_adjusted_following,474,0.08981314044605183,0.07414104882459312,0.10608800482218202
unweighted_seven_model_mean,misleading_groundable,open_ended_adjusted_following,474,0.11844484629294755,0.10096443640747436,0.13652802893309218
unweighted_seven_model_mean,misleading_groundable,mcq_minus_open_adjusted_following,474,-0.028631705846895717,-0.044303797468354424,-0.013261000602772752
unweighted_seven_model_mean,misleading_groundable,mcq_accuracy_change,474,-0.07866184448462928,-0.09433393610608799,-0.06389391199517781
unweighted_seven_model_mean,misleading_groundable,open_ended_accuracy_change,474,-0.049125979505726336,-0.06329113924050632,-0.03616636528028933
unweighted_seven_model_mean,misleading_groundable,mcq_minus_open_accuracy_change,474,-0.029535864978902954,-0.04641350210970464,-0.013261000602772756
unweighted_seven_model_mean,misleading_ungroundable,mcq_adjusted_following,474,0.1696805304400241,0.14948764315852922,0.19017480409885473
unweighted_seven_model_mean,misleading_ungroundable,open_ended_adjusted_following,474,0.15310427968655815,0.13261000602772754,0.1738999397227245
unweighted_seven_model_mean,misleading_ungroundable,mcq_minus_open_adjusted_following,474,0.016576250753465943,-0.0009041591320072332,0.03405666063893911
unweighted_seven_model_mean,misleading_ungroundable,mcq_accuracy_change,474,-0.1383363471971067,-0.15702230259192282,-0.11995177817962625
unweighted_seven_model_mean,misleading_ungroundable,open_ended_accuracy_change,474,-0.08107293550331524,-0.0970464135021097,-0.06570223025919228
unweighted_seven_model_mean,misleading_ungroundable,mcq_minus_open_accuracy_change,474,-0.057263411693791434,-0.0759493670886076,-0.038878842676311025
unweighted_seven_model_mean,irrelevant_word,mcq_adjusted_following,474,0.11362266425557566,0.09614225437010247,0.13200723327305605
unweighted_seven_model_mean,irrelevant_word,open_ended_adjusted_following,474,0.01838456901748041,0.011452682338758288,0.02682338758288125
unweighted_seven_model_mean,irrelevant_word,mcq_minus_open_adjusted_following,474,0.09523809523809523,0.08047016274864376,0.11060880048221818
unweighted_seven_model_mean,irrelevant_word,mcq_accuracy_change,474,-0.08589511754068715,-0.10277275467148883,-0.06992163954189269
unweighted_seven_model_mean,irrelevant_word,open_ended_accuracy_change,474,-0.011452682338758288,-0.02139843279083785,-0.002411091018685955
unweighted_seven_model_mean,irrelevant_word,mcq_minus_open_accuracy_change,474,-0.07444243520192886,-0.09071729957805907,-0.058468957203134414
