window,destination,n_questions,ungrounded_minus_grounded_mean,ci95_low,ci95_high,p_raw,p_holm_across_12_tests
layers_00_05,Q,305,-0.0004136475079748237,-0.007696221235714804,0.007182279235319111,0.14590108715007954,1.0
layers_06_11,Q,305,0.0015931910781275362,-0.018134330058924415,0.0211581278241863,0.6144364286886179,1.0
layers_12_17,Q,305,0.10065820447032685,0.037816142894728205,0.16895508734255715,0.004315133790619538,0.04315133790619538
layers_18_23,Q,305,0.0810446306407072,0.021276828672706007,0.1396269272784043,0.0008755346555503865,0.010506415866604639
layers_24_29,Q,305,0.01769082561094021,0.0063252112051155425,0.03003408080587748,0.0012992018923957361,0.014291220816353097
layers_30_35,Q,305,0.0023991505145412257,-0.002259386865718059,0.007130404618843421,0.44454156887201624,1.0
layers_00_05,A,305,-0.0014656049945436771,-0.006841177000329727,0.003562502806810056,0.915526896508023,1.0
layers_06_11,A,305,-0.001846264655027043,-0.011772627559571066,0.0074648178931383535,0.7513102286873278,1.0
layers_12_17,A,305,0.011732765544304356,-0.004129518653315119,0.027469624703577236,0.016393544057875152,0.14754189652087638
layers_18_23,A,305,-0.036475046935676395,-0.14735186995134403,0.07493935431569698,0.9067819434430873,1.0
layers_24_29,A,305,0.11120021242844422,-0.03673397032573426,0.26274415918933364,0.23630027369993056,1.0
layers_30_35,A,305,-0.05584516766051403,-0.3790316971133829,0.2625991551642036,0.7166249583496396,1.0
