variant,window,path,n_questions,mean_oriented_effect,ci95_low,ci95_high,p_raw,p_holm_within_condition
correct_answer,layers_00_05,T_minus_R_to_A,305,0.010913333734527656,0.00013224889814591494,0.02976731829319699,0.5456399074183012,1.0
correct_answer,layers_00_05,T_minus_R_to_Q,305,-0.0008521557660478928,-0.011123543286024726,0.0072470924661339,0.04759749840780025,1.0
correct_answer,layers_06_11,T_minus_R_to_A,305,0.011306487993974391,-0.0009786069789348636,0.022320786377709803,5.8971898218981166e-08,7.0176558880587585e-06
correct_answer,layers_06_11,T_minus_R_to_Q,305,0.032882701489250425,0.01732620336997789,0.048998152246579565,5.555979297863185e-07,6.278256606585399e-05
correct_answer,layers_12_17,T_minus_R_to_A,305,0.08487278631602753,0.0719497058511984,0.09936052909544485,7.455128189479189e-38,1.1331794848008367e-35
correct_answer,layers_12_17,T_minus_R_to_Q,305,0.1478301957506085,0.11228529904821487,0.18640471624353094,6.727351234613749e-21,9.418291728459249e-19
correct_answer,layers_18_23,T_minus_R_to_A,305,0.5645322158651216,0.48447269493729145,0.6515684626398132,1.6508195014132278e-50,2.657819397275297e-48
correct_answer,layers_18_23,T_minus_R_to_Q,305,0.1593518568313784,0.11213893734700807,0.21059865376766357,1.1077407880153343e-14,1.4400630244199347e-12
correct_answer,layers_24_29,T_minus_R_to_A,305,0.8483884028937214,0.7073359591762033,1.000512294147776,2.131566294964554e-42,3.3252434201447044e-40
correct_answer,layers_24_29,T_minus_R_to_Q,305,0.026303024462192664,0.017941693878678066,0.03533140837074959,1.7924958043242797e-10,2.204769839318864e-08
correct_answer,layers_30_35,T_minus_R_to_A,305,0.8419917618232757,0.6836040654267656,1.0183459854087087,2.278057193875622e-44,3.599330366323482e-42
correct_answer,layers_30_35,T_minus_R_to_Q,305,0.007869692298110834,0.004926179616383006,0.010946481577570683,5.353745466977622e-07,6.103269832354489e-05
irrelevant_word,layers_00_05,T_minus_R_to_A,305,0.036246137241516485,0.015847409642009692,0.06163754406598225,3.52296496517377e-05,0.0038752614616911468
irrelevant_word,layers_00_05,T_minus_R_to_Q,305,0.0007715215990322607,-0.0067773095163639946,0.008802638214344351,0.7587055917411433,1.0
irrelevant_word,layers_06_11,T_minus_R_to_A,305,0.07248202407903247,0.03422682508468597,0.12379786025980816,3.0463803539830347e-10,3.7165840318593025e-08
irrelevant_word,layers_06_11,T_minus_R_to_Q,305,0.02753829140041649,0.009700044087667725,0.04605573599623601,0.0025694123201950546,0.2543718196993104
irrelevant_word,layers_12_17,T_minus_R_to_A,305,0.14522286058755013,0.11920841827755088,0.17378905130036645,2.7151703645328515e-36,3.991300435863292e-34
irrelevant_word,layers_12_17,T_minus_R_to_Q,305,0.05944482310400272,0.016340731690729766,0.10694143687561697,0.7011763624462688,1.0
irrelevant_word,layers_18_23,T_minus_R_to_A,305,0.6824193253349441,0.5555804052115144,0.8206015658226133,3.115212507091095e-43,4.828579385991197e-41
irrelevant_word,layers_18_23,T_minus_R_to_Q,305,0.10960388698082486,0.061039409023205385,0.16343244231555712,0.036507340468535855,1.0
irrelevant_word,layers_24_29,T_minus_R_to_A,305,0.7633650389574768,0.6540568468108776,0.8808687010009577,1.550288001423876e-45,2.449455042249724e-43
irrelevant_word,layers_24_29,T_minus_R_to_Q,305,0.01387759980093369,0.007404599587315416,0.0207435254169524,1.477620697495981e-05,0.0016697113881704586
irrelevant_word,layers_30_35,T_minus_R_to_A,305,2.1028209672609415,1.8300817451657632,2.395952106524578,6.343289855226146e-51,1.0212696666914094e-48
irrelevant_word,layers_30_35,T_minus_R_to_Q,305,0.03318836271031531,0.028438052381395063,0.03819532461389602,4.359375588144462e-35,6.32109460280947e-33
misleading_groundable,layers_00_05,T_minus_R_to_A,305,0.007340053229029872,0.0032797468433739024,0.012142105149561171,0.0011558095576926317,0.11211352709618527
misleading_groundable,layers_00_05,T_minus_R_to_Q,305,-0.00013132413514424193,-0.007905208032048732,0.007230502480021811,0.4408790227100632,1.0
misleading_groundable,layers_06_11,T_minus_R_to_A,305,0.017177455737942,0.008555301479770763,0.026113454391007866,1.2427502661534917e-05,0.0014167353034149806
misleading_groundable,layers_06_11,T_minus_R_to_Q,305,0.031471891836026056,0.009804690557681128,0.05295830003586373,1.0023789031919402e-05,0.0011527357386707311
misleading_groundable,layers_12_17,T_minus_R_to_A,305,0.0862865506118173,0.07293320888860828,0.10055458092053211,1.8080093067322262e-32,2.6035334016944057e-30
misleading_groundable,layers_12_17,T_minus_R_to_Q,305,0.11787588737756535,0.06097613094879545,0.17713968253470952,1.9719496661432e-06,0.0002307181109387544
misleading_groundable,layers_18_23,T_minus_R_to_A,305,0.7821918574243475,0.682478418122043,0.8908192263605836,1.6669754544760882e-50,2.6838304817065022e-48
misleading_groundable,layers_18_23,T_minus_R_to_Q,305,0.15804075073815804,0.09861051818255302,0.22613257482100008,9.387250515767303e-08,1.1358573124078436e-05
misleading_groundable,layers_24_29,T_minus_R_to_A,305,1.2186455471293716,1.070989838474204,1.3733090634992393,2.4660222384225895e-47,3.8716549143234654e-45
misleading_groundable,layers_24_29,T_minus_R_to_Q,305,0.016281675938855024,0.00775105606611594,0.025715537759903116,0.000771639297633177,0.07870720835858405
misleading_groundable,layers_30_35,T_minus_R_to_A,305,2.09191485826868,1.80561636578621,2.4036434857800186,1.5634853507136863e-49,2.485941707634761e-47
misleading_groundable,layers_30_35,T_minus_R_to_Q,305,0.022509709430471963,0.018501768244075113,0.02660050429338611,3.7640128337068458e-25,5.194337710515447e-23
misleading_ungroundable,layers_00_05,T_minus_R_to_A,305,0.005874448234486194,0.0022432265826458305,0.00952518272186781,0.0002308636016753423,0.024009814574235597
misleading_ungroundable,layers_00_05,T_minus_R_to_Q,305,-0.0005449716431190629,-0.0062411659560285245,0.005107023777042284,0.7557447579465866,1.0
misleading_ungroundable,layers_06_11,T_minus_R_to_A,305,0.015331191082914955,0.0071277569535419935,0.023255970078441573,6.104544702196411e-07,6.776044619438017e-05
misleading_ungroundable,layers_06_11,T_minus_R_to_Q,305,0.0330650829141536,0.018023055263510057,0.047624863361121685,4.3400597230022284e-07,4.860866889762496e-05
misleading_ungroundable,layers_12_17,T_minus_R_to_A,305,0.09801931615612164,0.08405751847592569,0.11307068074794902,1.5403655601311755e-38,2.3259519957980748e-36
misleading_ungroundable,layers_12_17,T_minus_R_to_Q,305,0.2185340918478922,0.15835604488756064,0.2842636612682349,5.677515498575478e-17,7.210444683190858e-15
misleading_ungroundable,layers_18_23,T_minus_R_to_A,305,0.7457168104886712,0.6497991195849349,0.8542379158632564,5.695185327197335e-50,8.998392816971789e-48
misleading_ungroundable,layers_18_23,T_minus_R_to_Q,305,0.23908538137886523,0.17768034125943044,0.3054040186026455,1.6183791121592387e-17,2.0715252635638255e-15
misleading_ungroundable,layers_24_29,T_minus_R_to_A,305,1.329845759557816,1.1792557321520913,1.4853838381189401,1.4335045164918542e-49,2.2506020908922113e-47
misleading_ungroundable,layers_24_29,T_minus_R_to_Q,305,0.03397250154979523,0.022684185159746573,0.04683217312808813,2.6188739665502716e-09,3.037893801198315e-07
misleading_ungroundable,layers_30_35,T_minus_R_to_A,305,2.036069690608166,1.77203356646315,2.31958294379382,1.2444046012494274e-50,2.003491408011578e-48
misleading_ungroundable,layers_30_35,T_minus_R_to_Q,305,0.024908859945013188,0.020750550615767978,0.029376224340846628,4.438187548554475e-27,6.16908069249072e-25
