metric,effect,candidate,n,mean,median,ci_low,ci_high,positive
mean_logprob,gray_image_minus_question_only,correct_answer,305,1.1312072131816449,1.522956887951902,0.5661550526512003,1.6954488987238279,203
mean_logprob,clean_image_minus_question_only,correct_answer,305,9.632258225891533,8.561256408642521,8.893582384161808,10.403779611264115,296
mean_logprob,clean_image_minus_gray_image,correct_answer,305,8.501051012709889,7.243190825171041,7.68376361925793,9.325995855311175,285
mean_logprob,own_overlay_minus_clean_image,correct_answer,305,1.980041428333413,0.5925502715799666,1.633390458529774,2.3556709858214755,281
mean_logprob,candidate_minus_correct_in_question_only,correct_answer,305,0.0,0.0,0.0,0.0,0
mean_logprob,candidate_minus_correct_in_gray_image,correct_answer,305,0.0,0.0,0.0,0.0,0
mean_logprob,candidate_minus_correct_in_clean_image,correct_answer,305,0.0,0.0,0.0,0.0,0
mean_logprob,candidate_minus_correct_in_own_overlay,correct_answer,305,0.0,0.0,0.0,0.0,0
mean_logprob,overlay_correct_answer_minus_clean,correct_answer,305,1.980041428333413,0.5925502715799666,1.633390458529774,2.3556709858214755,281
mean_logprob,overlay_misleading_groundable_minus_clean,correct_answer,305,-0.7167427238437489,-0.01066297893536709,-0.960328418417707,-0.4948674420553718,119
mean_logprob,overlay_misleading_ungroundable_minus_clean,correct_answer,305,-1.2289980222472858,-0.048359137028455734,-1.606669087062905,-0.887961772527199,102
mean_logprob,overlay_irrelevant_word_minus_clean,correct_answer,305,-0.177983717480957,-0.00044054662612325046,-0.3176958122030922,-0.057518836290987835,134
mean_logprob,own_overlay_relative_gain_vs_correct,correct_answer,305,0.0,0.0,0.0,0.0,0
mean_logprob,gray_image_minus_question_only,misleading_groundable,305,1.8185324309952002,1.8366631269454956,1.2869022803072367,2.3441872259170244,213
mean_logprob,clean_image_minus_question_only,misleading_groundable,305,4.696693128775166,3.8944660536944866,3.9671003107544145,5.413389697348667,236
mean_logprob,clean_image_minus_gray_image,misleading_groundable,305,2.8781606977799665,2.4417953491210938,2.0863869900080516,3.6606042988215677,195
mean_logprob,own_overlay_minus_clean_image,misleading_groundable,305,5.6143888934476305,4.1428321823477745,5.043994588427125,6.210895340295685,299
mean_logprob,candidate_minus_correct_in_question_only,misleading_groundable,305,-4.018635235841569,-3.59375,-5.035838645948696,-3.000025088471535,103
mean_logprob,candidate_minus_correct_in_gray_image,misleading_groundable,305,-3.331310018028014,-2.9364178609102964,-4.254205450321977,-2.406194672327742,102
mean_logprob,candidate_minus_correct_in_clean_image,misleading_groundable,305,-8.954200332957935,-8.580794468405657,-9.902651656089226,-7.994651268918539,35
mean_logprob,candidate_minus_correct_in_own_overlay,misleading_groundable,305,-2.623068715666556,-2.3928120000303656,-3.6107457240432814,-1.632682850192265,107
mean_logprob,overlay_correct_answer_minus_clean,misleading_groundable,305,-2.237078795477762,-1.2999175041913986,-2.5727916431832347,-1.9052461694788743,56
mean_logprob,overlay_misleading_groundable_minus_clean,misleading_groundable,305,5.6143888934476305,4.1428321823477745,5.043994588427125,6.210895340295685,299
mean_logprob,overlay_misleading_ungroundable_minus_clean,misleading_groundable,305,-0.9812170427521207,-0.24247169494628906,-1.2809861123965318,-0.6981627217195822,112
mean_logprob,overlay_irrelevant_word_minus_clean,misleading_groundable,305,-0.06704210831595755,-0.07761669158935547,-0.20572519343205403,0.07398049875435199,129
mean_logprob,own_overlay_relative_gain_vs_correct,misleading_groundable,305,6.33113161729138,4.488485798241413,5.680161155424947,7.016887466725401,295
mean_logprob,gray_image_minus_question_only,misleading_ungroundable,305,1.2091006499759471,1.5722787380218506,0.5943785496571086,1.813770518269745,203
mean_logprob,clean_image_minus_question_only,misleading_ungroundable,305,2.225544973144603,1.9003374732565135,1.4656538102927368,2.976343826728777,202
mean_logprob,clean_image_minus_gray_image,misleading_ungroundable,305,1.016444323168656,0.5671501159667969,0.23705931680941011,1.7791788464643976,168
mean_logprob,own_overlay_minus_clean_image,misleading_ungroundable,305,6.286687531457775,4.973157821903669,5.7244787866077935,6.873540236589718,299
mean_logprob,candidate_minus_correct_in_question_only,misleading_ungroundable,305,-1.129881250070157,-1.3828125,-2.076424462178491,-0.15448758217632497,129
mean_logprob,candidate_minus_correct_in_gray_image,misleading_ungroundable,305,-1.0519878132758547,-1.007045441766726,-1.9512089477621615,-0.1441502229719281,132
mean_logprob,candidate_minus_correct_in_clean_image,misleading_ungroundable,305,-8.536594502817087,-8.374999988824129,-9.380221173515151,-7.709588581535594,30
mean_logprob,candidate_minus_correct_in_own_overlay,misleading_ungroundable,305,-1.0209089491120256,-1.6047349460422993,-1.9489341138339644,-0.08055944285387713,124
mean_logprob,overlay_correct_answer_minus_clean,misleading_ungroundable,305,-2.144732824538851,-1.1697044372558594,-2.475594742069903,-1.8271873097431581,56
mean_logprob,overlay_misleading_groundable_minus_clean,misleading_ungroundable,305,-0.6254085538242725,-0.1858501434326172,-0.8395805091086755,-0.4191222552663073,123
mean_logprob,overlay_misleading_ungroundable_minus_clean,misleading_ungroundable,305,6.286687531457775,4.973157821903669,5.7244787866077935,6.873540236589718,299
mean_logprob,overlay_irrelevant_word_minus_clean,misleading_ungroundable,305,-0.1490522089192645,-0.13204375508939847,-0.2747940398505283,-0.028355644735455383,120
mean_logprob,own_overlay_relative_gain_vs_correct,misleading_ungroundable,305,7.515685553705061,6.071702285440921,6.852257713457642,8.213900145991158,302
mean_logprob,gray_image_minus_question_only,irrelevant_word,305,1.741862723576841,1.5640335083007812,1.2620958745803486,2.222423675935728,217
mean_logprob,clean_image_minus_question_only,irrelevant_word,305,2.7770693789054364,2.313549518585205,2.191821720620059,3.3558494339424207,218
mean_logprob,clean_image_minus_gray_image,irrelevant_word,305,1.035206655328596,0.4070262908935547,0.36634339492188095,1.7186973797049725,163
mean_logprob,own_overlay_minus_clean_image,irrelevant_word,305,5.592115741488331,4.015594482421875,5.015958245348843,6.186987490312816,296
mean_logprob,candidate_minus_correct_in_question_only,irrelevant_word,305,-12.628170244283961,-14.34765625,-13.669060078633969,-11.583273129883457,31
mean_logprob,candidate_minus_correct_in_gray_image,irrelevant_word,305,-12.017514733888765,-12.4765625,-12.963496361584937,-11.032344667060014,25
mean_logprob,candidate_minus_correct_in_clean_image,irrelevant_word,305,-19.483359091270056,-20.28654432296753,-20.443907208875448,-18.536981581319843,6
mean_logprob,candidate_minus_correct_in_own_overlay,irrelevant_word,305,-13.713259632300767,-13.72674020999176,-14.910347738051115,-12.516739275118196,26
mean_logprob,overlay_correct_answer_minus_clean,irrelevant_word,305,-1.5925427460043446,-0.8809223175048828,-1.8754102606707155,-1.3293683402294698,69
mean_logprob,overlay_misleading_groundable_minus_clean,irrelevant_word,305,-0.5112203645773339,-0.11221885681152344,-0.7016691274733348,-0.33354347825271197,127
mean_logprob,overlay_misleading_ungroundable_minus_clean,irrelevant_word,305,-0.6439585899942969,-0.17068099975585938,-0.8581249187654402,-0.43434954656027386,122
mean_logprob,overlay_irrelevant_word_minus_clean,irrelevant_word,305,5.592115741488331,4.015594482421875,5.015958245348843,6.186987490312816,296
mean_logprob,own_overlay_relative_gain_vs_correct,irrelevant_word,305,5.770099458969288,4.0546886920928955,5.149582500814697,6.412323005493947,293
mean_logprob,paired_condition_difference_gray_image_minus_question_only,correct_answer_minus_misleading_groundable,305,-0.6873252178135554,-0.48828125,-1.139548633371147,-0.2414938409641461,131
mean_logprob,paired_condition_difference_clean_image_minus_question_only,correct_answer_minus_misleading_groundable,305,4.935565097116367,4.632813993259333,4.0186483984902015,5.88142625652711,223
mean_logprob,paired_condition_difference_clean_image_minus_gray_image,correct_answer_minus_misleading_groundable,305,5.622890314929922,5.468146069628347,4.682410695646655,6.56211140492767,234
mean_logprob,paired_condition_difference_own_overlay_minus_clean_image,correct_answer_minus_misleading_groundable,305,-3.634347465114218,-2.681568399954358,-4.271498918781739,-3.0160747292366263,58
mean_logprob,paired_condition_difference_gray_image_minus_question_only,correct_answer_minus_misleading_ungroundable,305,-0.07789343679430252,-0.012416203816732363,-0.537850166821602,0.38388722737084785,151
mean_logprob,paired_condition_difference_clean_image_minus_question_only,correct_answer_minus_misleading_ungroundable,305,7.406713252746931,6.2846102302355575,6.477193689851201,8.362498337663203,257
mean_logprob,paired_condition_difference_clean_image_minus_gray_image,correct_answer_minus_misleading_ungroundable,305,7.484606689541233,6.875000536441803,6.579986761013932,8.407033461212777,260
mean_logprob,paired_condition_difference_own_overlay_minus_clean_image,correct_answer_minus_misleading_ungroundable,305,-4.306646103124364,-3.3262704087630937,-4.952963847780927,-3.6889357798323252,55
mean_logprob,paired_condition_difference_gray_image_minus_question_only,correct_answer_minus_irrelevant_word,305,-0.610655510395196,-0.2670012302696705,-1.0074945223587743,-0.21623351023742068,142
mean_logprob,paired_condition_difference_clean_image_minus_question_only,correct_answer_minus_irrelevant_word,305,6.855188846986096,5.9535706021415535,6.001248354361257,7.72678148702525,255
mean_logprob,paired_condition_difference_clean_image_minus_gray_image,correct_answer_minus_irrelevant_word,305,7.465844357381293,6.746249660849742,6.616044042396984,8.300638065056539,262
mean_logprob,paired_condition_difference_own_overlay_minus_clean_image,correct_answer_minus_irrelevant_word,305,-3.6120743131549196,-2.6121529303491116,-4.2432604638913265,-2.998266649217876,68
mean_logprob,paired_condition_difference_gray_image_minus_question_only,misleading_groundable_minus_misleading_ungroundable,305,0.609431781019253,0.24171888828277588,0.17069261279687079,1.0529613033527563,165
mean_logprob,paired_condition_difference_clean_image_minus_question_only,misleading_groundable_minus_misleading_ungroundable,305,2.471148155630564,2.4955921173095703,1.6472867427694529,3.3301978557791094,191
mean_logprob,paired_condition_difference_clean_image_minus_gray_image,misleading_groundable_minus_misleading_ungroundable,305,1.8617163746113106,1.91637322306633,1.09648334849975,2.636398497344525,187
mean_logprob,paired_condition_difference_own_overlay_minus_clean_image,misleading_groundable_minus_misleading_ungroundable,305,-0.672298638010145,-0.5581892198252376,-1.2738688001169058,-0.07566871538562404,133
mean_logprob,paired_condition_difference_gray_image_minus_question_only,misleading_groundable_minus_irrelevant_word,305,0.07666970741835936,0.2957724630832672,-0.3039083191702425,0.45029648559155266,162
mean_logprob,paired_condition_difference_clean_image_minus_question_only,misleading_groundable_minus_irrelevant_word,305,1.9196237498697302,1.478515625,1.2720592225764213,2.5720399888276773,195
mean_logprob,paired_condition_difference_clean_image_minus_gray_image,misleading_groundable_minus_irrelevant_word,305,1.842954042451371,1.5957012176513672,1.2175178944769296,2.4681080104663407,198
mean_logprob,paired_condition_difference_own_overlay_minus_clean_image,misleading_groundable_minus_irrelevant_word,305,0.022273151959299544,0.07047156989779069,-0.5475226296027081,0.5957374258959681,155
mean_logprob,paired_condition_difference_gray_image_minus_question_only,misleading_ungroundable_minus_irrelevant_word,305,-0.5327620736008936,-0.3236070274783742,-0.9151077662169095,-0.16030046305686055,138
mean_logprob,paired_condition_difference_clean_image_minus_question_only,misleading_ungroundable_minus_irrelevant_word,305,-0.5515244057608335,-0.5937490463256836,-1.2544973057489643,0.13072856683938533,134
mean_logprob,paired_condition_difference_clean_image_minus_gray_image,misleading_ungroundable_minus_irrelevant_word,305,-0.0187623321599399,-0.421875,-0.6838410200079861,0.6250920141203642,143
mean_logprob,paired_condition_difference_own_overlay_minus_clean_image,misleading_ungroundable_minus_irrelevant_word,305,0.6945717899694446,0.43205661211322877,0.0772682469095728,1.3179799837910164,170
mean_logprob,relevant_misleading_minus_irrelevant_in_question_only,paired,305,10.053912001328099,11.1712027490139,9.12298755952958,10.989106112177751,263
mean_logprob,relevant_misleading_minus_irrelevant_in_gray_image,paired,305,9.825865818236833,10.492383610457182,8.931897883189798,10.7139272806904,269
mean_logprob,relevant_misleading_minus_irrelevant_in_clean_image,paired,305,10.737961673382548,11.535366755444556,9.907272093358056,11.558680243624627,280
sum_logprob,gray_image_minus_question_only,correct_answer,305,1.8703948060189588,2.4682016372680664,1.1866814017513854,2.5663869382487556,203
sum_logprob,clean_image_minus_question_only,correct_answer,305,13.704966712248106,13.817488670349121,12.833529647324045,14.608257995612684,296
sum_logprob,clean_image_minus_gray_image,correct_answer,305,11.834571906229147,12.193101309676422,10.876106100367009,12.8058997610092,285
sum_logprob,own_overlay_minus_clean_image,correct_answer,305,2.87992777403259,0.932715356276276,2.4195968379738457,3.3627171260918547,281
sum_logprob,candidate_minus_correct_in_question_only,correct_answer,305,0.0,0.0,0.0,0.0,0
sum_logprob,candidate_minus_correct_in_gray_image,correct_answer,305,0.0,0.0,0.0,0.0,0
sum_logprob,candidate_minus_correct_in_clean_image,correct_answer,305,0.0,0.0,0.0,0.0,0
sum_logprob,candidate_minus_correct_in_own_overlay,correct_answer,305,0.0,0.0,0.0,0.0,0
sum_logprob,overlay_correct_answer_minus_clean,correct_answer,305,2.87992777403259,0.932715356276276,2.4195968379738457,3.3627171260918547,281
sum_logprob,overlay_misleading_groundable_minus_clean,correct_answer,305,-1.0228079629677094,-0.015629897359758615,-1.3346197044655226,-0.7345728646642152,119
sum_logprob,overlay_misleading_ungroundable_minus_clean,correct_answer,305,-1.634657379697373,-0.0637703388929367,-2.0790996244761906,-1.2262955679552832,102
sum_logprob,overlay_irrelevant_word_minus_clean,correct_answer,305,-0.24500863045110743,-0.0007265924941748381,-0.3996807414636532,-0.10522016284152885,134
sum_logprob,own_overlay_relative_gain_vs_correct,correct_answer,305,0.0,0.0,0.0,0.0,0
sum_logprob,gray_image_minus_question_only,misleading_groundable,305,2.3215935529652714,3.1926937103271484,1.6755293554333905,2.9518730736231893,213
sum_logprob,clean_image_minus_question_only,misleading_groundable,305,6.471327328405612,6.341906547546387,5.58506116402552,7.351143153646271,236
sum_logprob,clean_image_minus_gray_image,misleading_groundable,305,4.149733775440341,3.7694571018218994,3.162440373375046,5.127382846233368,195
sum_logprob,own_overlay_minus_clean_image,misleading_groundable,305,7.2036683696349275,5.78577733039856,6.5648080659928,7.847477123308666,299
sum_logprob,candidate_minus_correct_in_question_only,misleading_groundable,305,-3.7017864470036717,-3.231110095977783,-4.606749826905872,-2.7932129968935175,100
sum_logprob,candidate_minus_correct_in_gray_image,misleading_groundable,305,-3.2505877000573595,-3.483370304107666,-4.125691602321597,-2.336633037730106,97
sum_logprob,candidate_minus_correct_in_clean_image,misleading_groundable,305,-10.935425830846167,-11.259317398071289,-11.965105998984017,-9.844195558596693,37
sum_logprob,candidate_minus_correct_in_own_overlay,misleading_groundable,305,-2.7089494982435287,-3.473103765400765,-3.903790618167965,-1.4941583665902654,116
sum_logprob,overlay_correct_answer_minus_clean,misleading_groundable,305,-2.805245320985325,-1.9169588088989258,-3.1980095880376074,-2.422126474821741,56
sum_logprob,overlay_misleading_groundable_minus_clean,misleading_groundable,305,7.2036683696349275,5.78577733039856,6.5648080659928,7.847477123308666,299
sum_logprob,overlay_misleading_ungroundable_minus_clean,misleading_groundable,305,-1.198342018429315,-0.33124446868896484,-1.5387747355500985,-0.8735593812665889,112
sum_logprob,overlay_irrelevant_word_minus_clean,misleading_groundable,305,-0.12919512399919836,-0.11992311477661133,-0.2785407583699539,0.024062290042398564,129
sum_logprob,own_overlay_relative_gain_vs_correct,misleading_groundable,305,8.226476332602637,6.626413571415469,7.47606243246909,8.982418113267528,296
sum_logprob,gray_image_minus_question_only,misleading_ungroundable,305,1.6419117411050113,2.383944418746978,0.9500806813191489,2.321316231876619,203
sum_logprob,clean_image_minus_question_only,misleading_ungroundable,305,2.949844946799741,2.8846817016601562,2.0703736752091784,3.797776724437169,202
sum_logprob,clean_image_minus_gray_image,misleading_ungroundable,305,1.3079332056947295,0.7791042327880859,0.36762218503536886,2.2282116731997346,168
sum_logprob,own_overlay_minus_clean_image,misleading_ungroundable,305,8.242430569588933,7.435683727264404,7.593777960676744,8.916893744252068,299
sum_logprob,candidate_minus_correct_in_question_only,misleading_ungroundable,305,0.2900777752498739,0.34375,-0.5743060814910265,1.1752460810722805,157
sum_logprob,candidate_minus_correct_in_gray_image,misleading_ungroundable,305,0.06159471033592663,0.08259955793619156,-0.7530798486100614,0.8945520763894617,156
sum_logprob,candidate_minus_correct_in_clean_image,misleading_ungroundable,305,-10.465043990198492,-11.202191667631269,-11.359512061485244,-9.577586088389925,30
sum_logprob,candidate_minus_correct_in_own_overlay,misleading_ungroundable,305,-0.5879560409121861,-1.609098233282566,-1.7051480896852955,0.5334405119811547,135
sum_logprob,overlay_correct_answer_minus_clean,misleading_ungroundable,305,-2.7624861658891184,-1.7293058633804321,-3.1694726093883796,-2.367377048015473,56
sum_logprob,overlay_misleading_groundable_minus_clean,misleading_ungroundable,305,-0.8286373412449732,-0.2748420685529709,-1.1090969455852777,-0.5685365169688404,123
sum_logprob,overlay_misleading_ungroundable_minus_clean,misleading_ungroundable,305,8.242430569588933,7.435683727264404,7.593777960676744,8.916893744252068,299
sum_logprob,overlay_irrelevant_word_minus_clean,misleading_ungroundable,305,-0.1920775223129061,-0.17189979553222656,-0.33456464842249567,-0.05043470412115118,120
sum_logprob,own_overlay_relative_gain_vs_correct,misleading_ungroundable,305,9.877087949286304,8.453124959021807,9.069639691214007,10.72773766130068,303
sum_logprob,gray_image_minus_question_only,irrelevant_word,305,2.044722483787505,2.331623077392578,1.5106931815377684,2.5768092873183934,217
sum_logprob,clean_image_minus_question_only,irrelevant_word,305,3.2328986376338094,3.2018070220947266,2.5887449611306574,3.877961367447898,218
sum_logprob,clean_image_minus_gray_image,irrelevant_word,305,1.1881761538463043,0.41766357421875,0.43817848304014306,1.9527345918458068,163
sum_logprob,own_overlay_minus_clean_image,irrelevant_word,305,7.707007701491938,5.233730316162109,6.9011864071424895,8.550337026976079,296
sum_logprob,candidate_minus_correct_in_question_only,irrelevant_word,305,-12.491229663331916,-11.891143202791227,-13.364785021869384,-11.60160333134617,16
sum_logprob,candidate_minus_correct_in_gray_image,irrelevant_word,305,-12.31690198556337,-11.503708124160767,-13.171066350292785,-11.45068830094724,12
sum_logprob,candidate_minus_correct_in_clean_image,irrelevant_word,305,-22.96329773794621,-23.598995320731774,-23.90534853947744,-22.01237495351198,0
sum_logprob,candidate_minus_correct_in_own_overlay,irrelevant_word,305,-15.011281406003167,-16.062499940395355,-16.15053396530154,-13.821488602794531,25
sum_logprob,overlay_correct_answer_minus_clean,irrelevant_word,305,-1.9300775481913108,-1.127359390258789,-2.2554081900472225,-1.6257595293380895,69
sum_logprob,overlay_misleading_groundable_minus_clean,irrelevant_word,305,-0.6190966779191035,-0.1392993927001953,-0.8546093191259785,-0.39919909606227805,127
sum_logprob,overlay_misleading_ungroundable_minus_clean,irrelevant_word,305,-0.752500304922343,-0.21867752075195312,-1.0076566052683926,-0.5110368090284606,122
sum_logprob,overlay_irrelevant_word_minus_clean,irrelevant_word,305,7.707007701491938,5.233730316162109,6.9011864071424895,8.550337026976079,296
sum_logprob,own_overlay_relative_gain_vs_correct,irrelevant_word,305,7.952016331943044,5.462727569673007,7.118476220431296,8.829891438595913,294
sum_logprob,paired_condition_difference_gray_image_minus_question_only,correct_answer_minus_misleading_groundable,305,-0.4511987469463127,-0.20525765419006348,-0.87477262303211,-0.043002919896759376,144
sum_logprob,paired_condition_difference_clean_image_minus_question_only,correct_answer_minus_misleading_groundable,305,7.233639383842494,6.5011816956612165,6.1879822944264316,8.261676692485958,240
sum_logprob,paired_condition_difference_clean_image_minus_gray_image,correct_answer_minus_misleading_groundable,305,7.6848381307888065,6.841775353925186,6.613162544268512,8.742571589169529,248
sum_logprob,paired_condition_difference_own_overlay_minus_clean_image,correct_answer_minus_misleading_groundable,305,-4.323740595602338,-3.3416674830948523,-5.051424879024482,-3.603661255681996,66
sum_logprob,paired_condition_difference_gray_image_minus_question_only,correct_answer_minus_misleading_ungroundable,305,0.22848306491394724,0.31433336588088423,-0.1811502891057596,0.6398776007096456,162
sum_logprob,paired_condition_difference_clean_image_minus_question_only,correct_answer_minus_misleading_ungroundable,305,10.755121765448365,10.078325827606022,9.722159877857461,11.814056911514262,270
sum_logprob,paired_condition_difference_clean_image_minus_gray_image,correct_answer_minus_misleading_ungroundable,305,10.526638700534416,10.235797178875032,9.514501348632663,11.573257010490142,274
sum_logprob,paired_condition_difference_own_overlay_minus_clean_image,correct_answer_minus_misleading_ungroundable,305,-5.362502795556343,-4.356534153688585,-6.133970456423777,-4.623637320255354,56
sum_logprob,paired_condition_difference_gray_image_minus_question_only,correct_answer_minus_irrelevant_word,305,-0.17432767776854624,0.3366651516407728,-0.560389948696211,0.21026633514295118,167
sum_logprob,paired_condition_difference_clean_image_minus_question_only,correct_answer_minus_irrelevant_word,305,10.472068074614297,9.8545305721982,9.544152823047577,11.43936039910225,280
sum_logprob,paired_condition_difference_clean_image_minus_gray_image,correct_answer_minus_irrelevant_word,305,10.646395752382844,10.383933168253861,9.72249777088795,11.601061548535146,283
sum_logprob,paired_condition_difference_own_overlay_minus_clean_image,correct_answer_minus_irrelevant_word,305,-4.827079927459348,-3.1323914527893066,-5.725978572945468,-3.943792444397321,78
sum_logprob,paired_condition_difference_gray_image_minus_question_only,misleading_groundable_minus_misleading_ungroundable,305,0.6796818118602599,0.34715914726257324,0.27937150959046886,1.0894790948925774,170
sum_logprob,paired_condition_difference_clean_image_minus_question_only,misleading_groundable_minus_misleading_ungroundable,305,3.5214823816058707,2.9704212620854378,2.613577542184356,4.460282810747022,208
sum_logprob,paired_condition_difference_clean_image_minus_gray_image,misleading_groundable_minus_misleading_ungroundable,305,2.8418005697456112,2.1005626656115055,1.9932224551376008,3.702342395180127,200
sum_logprob,paired_condition_difference_own_overlay_minus_clean_image,misleading_groundable_minus_misleading_ungroundable,305,-1.0387621999540042,-0.6443038284778595,-1.6887307246778598,-0.40367464407383746,136
sum_logprob,paired_condition_difference_gray_image_minus_question_only,misleading_groundable_minus_irrelevant_word,305,0.27687106917776644,0.6347665786743164,-0.06868357755727918,0.6234697699722194,177
sum_logprob,paired_condition_difference_clean_image_minus_question_only,misleading_groundable_minus_irrelevant_word,305,3.2384286907718027,3.061602793633938,2.537123114186062,3.9482114540072635,211
sum_logprob,paired_condition_difference_clean_image_minus_gray_image,misleading_groundable_minus_irrelevant_word,305,2.9615576215940362,2.507054090499878,2.275527071000119,3.641771968684255,209
sum_logprob,paired_condition_difference_own_overlay_minus_clean_image,misleading_groundable_minus_irrelevant_word,305,-0.503339331857009,0.18640951259294525,-1.2933924903514034,0.2836921620489739,158
sum_logprob,paired_condition_difference_gray_image_minus_question_only,misleading_ungroundable_minus_irrelevant_word,305,-0.4028107426824935,0.004403352737426758,-0.7798099453139044,-0.03662845296788425,153
sum_logprob,paired_condition_difference_clean_image_minus_question_only,misleading_ungroundable_minus_irrelevant_word,305,-0.28305369083406834,-0.314453125,-1.0360095492404584,0.465287040511543,145
sum_logprob,paired_condition_difference_clean_image_minus_gray_image,misleading_ungroundable_minus_irrelevant_word,305,0.11975705184842518,-0.023438453674316406,-0.591196125038726,0.808275280744449,151
sum_logprob,paired_condition_difference_own_overlay_minus_clean_image,misleading_ungroundable_minus_irrelevant_word,305,0.5354228680969952,1.1514301300048828,-0.3172044144261556,1.3973853997374266,185
sum_logprob,relevant_misleading_minus_irrelevant_in_question_only,paired,305,10.785375327455016,10.088486675776949,10.085089942523668,11.480450462760786,296
sum_logprob,relevant_misleading_minus_irrelevant_in_gray_image,paired,305,10.722405490702652,10.28232717514038,9.998099983481021,11.439898943184541,293
sum_logprob,relevant_misleading_minus_irrelevant_in_clean_image,paired,305,12.263062827423882,11.902281813323498,11.572765902216883,12.97539414143649,297
