variant,subset,x,y,n,spearman_rho,p_raw,partial_rho_controlling_text_tokens,partial_p
misleading_groundable,all,activation_restoration_L5_12,attention_TA_L30_35,305,0.6850864504559373,1.3575942632548994e-43,0.6726773414072135,1.5745856834689285e-41
misleading_groundable,all,attention_TA_L30_35,free_target_removed_adjusted,305,0.22456598622070856,7.608095668021343e-05,0.22587628440985033,6.888060728069496e-05
misleading_groundable,all,activation_restoration_L5_12,free_target_removed_adjusted,305,0.2771217979724569,8.811593066717132e-07,0.2781838162923546,7.970196978034804e-07
misleading_groundable,baseline_correct,activation_restoration_L5_12,attention_TA_L30_35,173,0.7708905998674277,2.512919542108223e-35,0.7647225002570093,1.821782911106612e-34
misleading_groundable,baseline_correct,attention_TA_L30_35,free_target_removed_adjusted,173,0.24005089795705645,0.001467006067830418,0.2386700762814181,0.0015653650400008377
misleading_groundable,baseline_correct,activation_restoration_L5_12,free_target_removed_adjusted,173,0.24798646483166992,0.0010031356713343868,0.24625205693313085,0.00109116729216966
misleading_ungroundable,all,activation_restoration_L5_12,attention_TA_L30_35,305,0.7375014803160264,1.3749784373014823e-53,0.7276978423086327,1.528490178628333e-51
misleading_ungroundable,all,attention_TA_L30_35,free_target_removed_adjusted,305,0.30557176699706484,5.166946116737723e-08,0.3187275883217817,1.2509638215938514e-08
misleading_ungroundable,all,activation_restoration_L5_12,free_target_removed_adjusted,305,0.33553520565886585,1.8442912013884727e-09,0.3444926901434481,6.335504818943429e-10
misleading_ungroundable,baseline_correct,activation_restoration_L5_12,attention_TA_L30_35,173,0.7042451015384902,3.1278073818571114e-27,0.700520248577634,7.602936034929532e-27
misleading_ungroundable,baseline_correct,attention_TA_L30_35,free_target_removed_adjusted,173,0.27665141229571855,0.00022908082870920748,0.2863883494924946,0.00013352362788761874
misleading_ungroundable,baseline_correct,activation_restoration_L5_12,free_target_removed_adjusted,173,0.28820889094520297,0.00012043928210755713,0.2914551117186278,0.00010003372319011666
