variant,contrast,metric,n_fooled,n_robust,difference,ci_low,ci_high,p_raw,p_holm
misleading_groundable,fooled_minus_robust,baseline_margin_no_text,23,147,-6.048569167310591,-8.26842813091965,-3.624595426795512,9.999000099990002e-05,0.0011998800119988001
misleading_groundable,fooled_minus_robust,baseline_margin_overlay,23,147,-11.365909972167714,-13.134536530973644,-9.77399618371091,9.999000099990002e-05,0.0011998800119988001
misleading_groundable,fooled_minus_robust,overlay_margin_shift,23,147,-5.317340804857125,-8.298038121328302,-2.7180338790027574,0.00019998000199980003,0.0011998800119988001
misleading_groundable,fooled_minus_robust,text_token_count,23,147,-2.020703933747411,-5.9793256433007995,2.1741422656018905,0.48685131486851313,0.48685131486851313
misleading_groundable,fooled_minus_robust,activation_restoration_L5_12,23,147,3.9661948514554246,1.3562999736107886,7.213630715154769,0.00019998000199980003,0.0011998800119988001
misleading_groundable,fooled_minus_robust,activation_insertion_L5_12,23,147,4.637922429180044,1.992694209078351,7.6839944389354065,9.999000099990002e-05,0.0011998800119988001
misleading_groundable,fooled_minus_robust,attention_TA_L30_35,23,147,0.749712169845552,-0.598069375490456,2.2868416711351824,0.19958004199580043,0.39916008399160086
misleading_groundable,fooled_minus_robust,attention_TQ_L12_17,23,147,0.34015595301518914,-0.0593428160850083,0.8353094626423992,0.005099490050994901,0.015298470152984703
misleading_groundable,fooled_minus_robust,attention_QA_L30_35,23,147,-0.17858655287836386,-0.34198577922444523,-0.029019164831566843,0.0007999200079992001,0.0031996800319968005
misleading_groundable,fooled_minus_robust,free_changed_adjusted,23,147,0.3845016267376516,0.19925071477866507,0.5973577836931875,9.999000099990002e-05,0.0011998800119988001
misleading_groundable,fooled_minus_robust,free_target_removed_adjusted,23,147,0.43478260869565216,0.2608695652173913,0.6521739130434783,9.999000099990002e-05,0.0011998800119988001
misleading_groundable,fooled_minus_robust,free_recovered_adjusted,23,147,0.391304347826087,0.21739130434782608,0.6086956521739131,9.999000099990002e-05,0.0011998800119988001
misleading_ungroundable,fooled_minus_robust,baseline_margin_no_text,38,134,-4.638157308339376,-6.652455940383041,-2.456775073576609,0.00019998000199980003,0.0011998800119988001
misleading_ungroundable,fooled_minus_robust,baseline_margin_overlay,38,134,-10.957937606546512,-12.7561685786618,-9.319541325881561,9.999000099990002e-05,0.0011998800119988001
misleading_ungroundable,fooled_minus_robust,overlay_margin_shift,38,134,-6.319780298207136,-8.666611630365617,-4.13074998362398,9.999000099990002e-05,0.0011998800119988001
misleading_ungroundable,fooled_minus_robust,text_token_count,38,134,-3.2533385703063633,-6.093499607227023,-0.4080223880597028,0.10238976102389762,0.20477952204779523
misleading_ungroundable,fooled_minus_robust,activation_restoration_L5_12,38,134,3.997379988177018,2.1932383874906685,5.894825650627221,9.999000099990002e-05,0.0011998800119988001
misleading_ungroundable,fooled_minus_robust,activation_insertion_L5_12,38,134,4.653525178461781,2.6574424568571313,6.712222795450612,9.999000099990002e-05,0.0011998800119988001
misleading_ungroundable,fooled_minus_robust,attention_TA_L30_35,38,134,-0.13300806875365234,-0.9877593403815486,0.8568311778607006,0.779022097790221,0.779022097790221
misleading_ungroundable,fooled_minus_robust,attention_TQ_L12_17,38,134,0.508048062631882,0.21457614827385998,0.8780268949428133,9.999000099990002e-05,0.0011998800119988001
misleading_ungroundable,fooled_minus_robust,attention_QA_L30_35,38,134,-0.17799160115369916,-0.29089612324407216,-0.0814224909890779,9.999000099990002e-05,0.0011998800119988001
misleading_ungroundable,fooled_minus_robust,free_changed_adjusted,38,134,0.24692327834511654,0.11534433097669548,0.38858339879549625,9.999000099990002e-05,0.0011998800119988001
misleading_ungroundable,fooled_minus_robust,free_target_removed_adjusted,38,134,0.2543859649122807,0.12280701754385966,0.39473684210526316,9.999000099990002e-05,0.0011998800119988001
misleading_ungroundable,fooled_minus_robust,free_recovered_adjusted,38,134,0.18421052631578946,0.07894736842105263,0.3157894736842105,9.999000099990002e-05,0.0011998800119988001
