variant,group,metric,n,mean,ci_low,ci_high
misleading_groundable,fooled,baseline_margin_no_text,23,6.66936910582049,4.776782714868281,8.833772038121474
misleading_groundable,fooled,baseline_margin_overlay,23,-3.1572377936089318,-4.615503085942751,-1.810303796946421
misleading_groundable,fooled,overlay_margin_shift,23,-9.826606899429422,-12.721503989680384,-7.327662833176
misleading_groundable,fooled,text_token_count,23,11.217391304347826,7.913043478260869,14.869565217391305
misleading_groundable,fooled,activation_restoration_L5_12,23,6.796008467549642,4.223449884248694,10.0041074943957
misleading_groundable,fooled,activation_insertion_L5_12,23,8.489176271529319,5.9245792035479035,11.503863302700825
misleading_groundable,fooled,attention_TA_L30_35,23,2.894105065334333,1.6069373870095647,4.358296014944639
misleading_groundable,fooled,attention_TQ_L12_17,23,0.41659575456436965,0.010902966593694335,0.8984184239211578
misleading_groundable,fooled,attention_QA_L30_35,23,-0.303889343620288,-0.46691823636768776,-0.15487295039603327
misleading_groundable,fooled,free_changed_adjusted,23,0.391304347826087,0.21739130434782608,0.6086956521739131
misleading_groundable,fooled,free_target_removed_adjusted,23,0.43478260869565216,0.21739130434782608,0.6521739130434783
misleading_groundable,fooled,free_recovered_adjusted,23,0.391304347826087,0.21739130434782608,0.6086956521739131
misleading_groundable,robust,baseline_margin_no_text,147,12.71793827313108,11.648935945679458,13.780464659262394
misleading_groundable,robust,baseline_margin_overlay,147,8.208672178558782,7.288347079452951,9.154198066034736
misleading_groundable,robust,overlay_margin_shift,147,-4.509266094572297,-5.223505110510119,-3.8474249580810516
misleading_groundable,robust,text_token_count,147,13.238095238095237,11.326360544217687,15.374149659863946
misleading_groundable,robust,activation_restoration_L5_12,147,2.8298136160942176,2.316975323739058,3.3813763603962976
misleading_groundable,robust,activation_insertion_L5_12,147,3.8512538423492746,3.2596608370079414,4.4893334267778355
misleading_groundable,robust,attention_TA_L30_35,147,2.144392895488781,1.7683917388528372,2.5449840265987085
misleading_groundable,robust,attention_TQ_L12_17,147,0.07643980154918052,0.02680342388105558,0.12789251881015556
misleading_groundable,robust,attention_QA_L30_35,147,-0.12530279074192416,-0.1537527095491942,-0.09825887915723633
misleading_groundable,robust,free_changed_adjusted,147,0.006802721088435374,-0.0022675736961451248,0.02040816326530612
misleading_groundable,robust,free_target_removed_adjusted,147,0.0,0.0,0.0
misleading_groundable,robust,free_recovered_adjusted,147,0.0,0.0,0.0
misleading_ungroundable,fooled,baseline_margin_no_text,38,7.094972429041921,5.371941058646981,9.142679990680659
misleading_ungroundable,fooled,baseline_margin_overlay,38,-4.54850437326439,-6.151198306326764,-3.161230612124358
misleading_ungroundable,fooled,overlay_margin_shift,38,-11.643476802306312,-13.857202238933425,-9.65506814255766
misleading_ungroundable,fooled,text_token_count,38,10.052631578947368,8.131578947368421,12.236842105263158
misleading_ungroundable,fooled,activation_restoration_L5_12,38,6.904940092269686,5.263717915279179,8.695705587528977
misleading_ungroundable,fooled,activation_insertion_L5_12,38,8.93730505853129,7.009934035424317,10.895321839478486
misleading_ungroundable,fooled,attention_TA_L30_35,38,2.0061473705218495,1.288445930940206,2.9196429328900164
misleading_ungroundable,fooled,attention_TQ_L12_17,38,0.6541253454319212,0.3690311168899751,1.0296637214494795
misleading_ungroundable,fooled,attention_QA_L30_35,38,-0.31283818145907194,-0.4194624248948632,-0.22086106996400695
misleading_ungroundable,fooled,free_changed_adjusted,38,0.2543859649122807,0.12280701754385966,0.39473684210526316
misleading_ungroundable,fooled,free_target_removed_adjusted,38,0.2543859649122807,0.12280701754385966,0.39473684210526316
misleading_ungroundable,fooled,free_recovered_adjusted,38,0.18421052631578946,0.07894736842105263,0.3157894736842105
misleading_ungroundable,robust,baseline_margin_no_text,134,11.733129737381297,10.77382808426487,12.70845026089899
misleading_ungroundable,robust,baseline_margin_overlay,134,6.409433233282122,5.559036055891053,7.282502923949398
misleading_ungroundable,robust,overlay_margin_shift,134,-5.323696504099176,-6.067592255132494,-4.610274428271781
misleading_ungroundable,robust,text_token_count,134,13.305970149253731,11.417910447761194,15.455223880597014
misleading_ungroundable,robust,activation_restoration_L5_12,134,2.907560104092668,2.3446802908102304,3.496116332800554
misleading_ungroundable,robust,activation_insertion_L5_12,134,4.28377988006951,3.6265544283453552,4.961371652315129
misleading_ungroundable,robust,attention_TA_L30_35,134,2.139155439275502,1.7287970986948193,2.5904822597441863
misleading_ungroundable,robust,attention_TQ_L12_17,134,0.1460772828000393,0.0950166914993999,0.2039313875893349
misleading_ungroundable,robust,attention_QA_L30_35,134,-0.13484658030537278,-0.16438140069221216,-0.10661469614037153
misleading_ungroundable,robust,free_changed_adjusted,134,0.007462686567164178,-0.007462686567164179,0.02487562189054726
misleading_ungroundable,robust,free_target_removed_adjusted,134,0.0,0.0,0.0
misleading_ungroundable,robust,free_recovered_adjusted,134,0.0,0.0,0.0
